hostname,Prot,e_Prot,KOI,KIC,TIC,GAIA,db
Kepler-261,12.368,0.001,988,-1,-1,-1,mcq13
Kepler-493,3.054,0.001,208,-1,-1,-1,mcq13
Kepler-1320,10.564,0.001,2708,-1,-1,-1,mcq13
Kepler-1324,12.689,0.001,2719,-1,-1,-1,mcq13
Kepler-63,5.407,0.001,63,-1,-1,-1,mcq13
Kepler-349,7.799,0.001,2022,-1,-1,-1,mcq13
Kepler-1313,6.138,0.001,2678,-1,-1,-1,mcq13
Kepler-971,6.248,0.001,1839,-1,-1,-1,mcq13
Kepler-331,8.662,0.001,1895,-1,-1,-1,mcq13
Kepler-81,13.417,0.001,877,-1,-1,-1,mcq13
Kepler-955,7.552,0.001,1801,-1,-1,-1,mcq13
Kepler-1312,5.998,0.001,2675,-1,-1,-1,mcq13
Kepler-1105,13.483,0.002,2114,-1,-1,-1,mcq13
Kepler-1164,11.367,0.002,2261,-1,-1,-1,mcq13
Kepler-45,15.805,0.002,254,-1,-1,-1,mcq13
Kepler-1804,11.28,0.002,2181,-1,-1,-1,mcq13
Kepler-1032,12.969,0.002,1973,-1,-1,-1,mcq13
Kepler-326,9.646,0.002,1835,-1,-1,-1,mcq13
Kepler-1002,6.398,0.002,1890,-1,-1,-1,mcq13
Kepler-348,3.878,0.002,2011,-1,-1,-1,mcq13
Kepler-55,13.736,0.002,904,-1,-1,-1,mcq13
Kepler-1086,12.72,0.002,2078,-1,-1,-1,mcq13
Kepler-411,10.44,0.002,1781,-1,-1,-1,mcq13
Kepler-762,4.035,0.002,1074,-1,-1,-1,mcq13
Kepler-1410,14.378,0.003,3010,-1,-1,-1,mcq13
Kepler-972,5.59,0.003,1840,-1,-1,-1,mcq13
Kepler-1229,17.62,0.003,2418,-1,-1,-1,mcq13
Kepler-1205,10.909,0.003,2350,-1,-1,-1,mcq13
Kepler-447,6.459,0.003,1800,-1,-1,-1,mcq13
Kepler-1792,9.592,0.003,2084,-1,-1,-1,mcq13
Kepler-964,10.187,0.003,1825,-1,-1,-1,mcq13
Kepler-954,10.821,0.003,1797,-1,-1,-1,mcq13
Kepler-318,7.154,0.003,1779,-1,-1,-1,mcq13
Kepler-252,11.055,0.003,912,-1,-1,-1,mcq13
Kepler-908,7.732,0.003,1615,-1,-1,-1,mcq13
Kepler-705,20.206,0.003,854,-1,-1,-1,mcq13
Kepler-210,12.314,0.003,676,-1,-1,-1,mcq13
Kepler-159,10.466,0.004,448,-1,-1,-1,mcq13
Kepler-1802,11.549,0.004,2174,-1,-1,-1,mcq13
Kepler-1185,12.734,0.004,2311,-1,-1,-1,mcq13
Kepler-1104,4.192,0.004,2110,-1,-1,-1,mcq13
Kepler-304,14.176,0.004,1557,-1,-1,-1,mcq13
Kepler-1152,14.939,0.004,2238,-1,-1,-1,mcq13
Kepler-125,14.536,0.004,251,-1,-1,-1,mcq13
Kepler-970,9.191,0.004,1838,-1,-1,-1,mcq13
Kepler-1688,12.372,0.004,2733,-1,-1,-1,mcq13
Kepler-619,11.004,0.004,601,-1,-1,-1,mcq13
Kepler-436,16.005,0.004,2529,-1,-1,-1,mcq13
Kepler-777,18.029,0.004,1141,-1,-1,-1,mcq13
Kepler-662,12.636,0.004,750,-1,-1,-1,mcq13
Kepler-1872,10.838,0.004,2734,-1,-1,-1,mcq13
Kepler-221,9.399,0.004,720,-1,-1,-1,mcq13
Kepler-1206,18.467,0.004,2355,-1,-1,-1,mcq13
Kepler-1065,10.577,0.005,2034,-1,-1,-1,mcq13
Kepler-578,14.889,0.005,496,-1,-1,-1,mcq13
Kepler-631,7.768,0.005,639,-1,-1,-1,mcq13
Kepler-26,17.918,0.005,250,-1,-1,-1,mcq13
Kepler-260,19.203,0.005,986,-1,-1,-1,mcq13
Kepler-1805,17.789,0.005,2191,-1,-1,-1,mcq13
KOI-984,7.978,0.005,984,-1,-1,-1,mcq13
Kepler-1781,9.147,0.005,1982,-1,-1,-1,mcq13
Kepler-339,16.916,0.005,1931,-1,-1,-1,mcq13
Kepler-461,8.552,0.005,49,-1,-1,-1,mcq13
KOI-7913 A,3.39,0.005,-1,8873450,-1,-1,mcq14
Kepler-1275,7.65,0.005,2552,-1,-1,-1,mcq13
Kepler-582,12.455,0.005,507,-1,-1,-1,mcq13
Kepler-236,15.433,0.005,817,-1,-1,-1,mcq13
Kepler-1984,24.305,0.005,1681,-1,-1,-1,mcq13
Kepler-1644,1.451,0.006,-1,10717220,-1,-1,mcq14
Kepler-969,18.125,0.006,1837,-1,-1,-1,mcq13
Kepler-961,15.836,0.006,1818,-1,-1,-1,mcq13
Kepler-944,17.677,0.006,1732,-1,-1,-1,mcq13
Kepler-1055,11.823,0.006,2017,-1,-1,-1,mcq13
Kepler-1646,3.514,0.006,-1,7350067,-1,-1,mcq14
Kepler-52,11.953,0.006,775,-1,-1,-1,mcq13
Kepler-369,19.457,0.006,2179,-1,-1,-1,mcq13
Kepler-1096,14.251,0.006,2101,-1,-1,-1,mcq13
Kepler-1995,10.74,0.006,2037,-1,-1,-1,mcq13
Kepler-523,7.643,0.006,323,-1,-1,-1,mcq13
Kepler-1009,18.181,0.006,1907,-1,-1,-1,mcq13
Kepler-1220,15.346,0.006,2392,-1,-1,-1,mcq13
Kepler-1891,13.487,0.007,2982,-1,-1,-1,mcq13
Kepler-211,13.845,0.007,678,-1,-1,-1,mcq13
Kepler-522,4.919,0.007,318,-1,-1,-1,mcq13
Kepler-1428,5.464,0.007,3109,-1,-1,-1,mcq13
Kepler-1358,15.605,0.007,2827,-1,-1,-1,mcq13
Kepler-410 A,20.85,0.007,42,-1,-1,-1,mcq13
Kepler-1870,12.36,0.007,2690,-1,-1,-1,mcq13
Kepler-51,8.222,0.007,620,-1,-1,-1,mcq13
Kepler-1753,21.942,0.007,1489,-1,-1,-1,mcq13
Kepler-1880,23.531,0.007,2835,-1,-1,-1,mcq13
Kepler-993,21.843,0.007,1879,-1,-1,-1,mcq13
Kepler-395,19.981,0.007,2650,-1,-1,-1,mcq13
Kepler-968,10.581,0.007,1833,-1,-1,-1,mcq13
Kepler-1366,17.776,0.008,2839,-1,-1,-1,mcq13
Kepler-1066,7.043,0.008,2035,-1,-1,-1,mcq13
Kepler-1108,17.892,0.008,2121,-1,-1,-1,mcq13
Kepler-360,10.252,0.008,2111,-1,-1,-1,mcq13
Kepler-1813,14.742,0.008,2248,-1,-1,-1,mcq13
Kepler-325,14.168,0.009,1832,-1,-1,-1,mcq13
Kepler-191,21.246,0.009,582,-1,-1,-1,mcq13
Kepler-242,15.773,0.009,853,-1,-1,-1,mcq13
Kepler-995,18.436,0.009,1881,-1,-1,-1,mcq13
Kepler-49,18.507,0.009,248,-1,-1,-1,mcq13
Kepler-703,7.654,0.009,851,-1,-1,-1,mcq13
Kepler-289,8.648,0.009,1353,-1,-1,-1,mcq13
Kepler-248,25.066,0.009,896,-1,-1,-1,mcq13
HD 189733,11.95,0.01,-1,-1,-1,-1,nasa
TOI-837,2.97,0.01,-1,-1,-1,-1,nasa
Kepler-551,16.064,0.01,430,-1,-1,-1,mcq13
Kepler-1765,18.881,0.01,1704,-1,-1,-1,mcq13
Kepler-1190,15.605,0.01,2318,-1,-1,-1,mcq13
TOI-942,3.39,0.01,-1,-1,-1,-1,nasa
K2-25,1.88,0.01,-1,-1,-1,-1,nasa
Kepler-636,17.312,0.01,652,-1,-1,-1,mcq13
Kepler-419,4.49,0.01,-1,-1,-1,-1,nasa
Kepler-709,23.065,0.01,867,-1,-1,-1,mcq13
HD 284149 A,1.05,0.01,-1,-1,-1,-1,nasa
Kepler-1647,11.23,0.01,-1,-1,-1,-1,nasa
NGTS-10,17.29,0.01,-1,-1,-1,-1,nasa
Kepler-1071,16.887,0.01,2048,-1,-1,-1,mcq13
Kepler-198,15.369,0.01,624,-1,-1,-1,mcq13
eps Ind A,-35.73,0.01,-1,-1,-1,-1,nasa
AF Lep,1.01,0.01,-1,-1,-1,-1,nasa
Kepler-83,22.045,0.011,898,-1,-1,-1,mcq13
Kepler-570,20.845,0.011,480,-1,-1,-1,mcq13
Kepler-1712,16.367,0.011,247,-1,-1,-1,mcq13
Kepler-66,10.527,0.011,1958,-1,-1,-1,mcq13
Kepler-27,14.741,0.011,841,-1,-1,-1,mcq13
Kepler-1298,11.059,0.011,2632,-1,-1,-1,mcq13
Kepler-484,15.757,0.011,180,-1,-1,-1,mcq13
Kepler-345,13.019,0.012,1977,-1,-1,-1,mcq13
Kepler-322,18.991,0.012,1820,-1,-1,-1,mcq13
Kepler-317,15.151,0.012,1760,-1,-1,-1,mcq13
Kepler-319,13.371,0.012,1805,-1,-1,-1,mcq13
Kepler-1057,13.602,0.013,2019,-1,-1,-1,mcq13
Kepler-960,18.626,0.013,1815,-1,-1,-1,mcq13
Kepler-138,19.394,0.013,314,-1,-1,-1,mcq13
Kepler-1197,18.057,0.013,2339,-1,-1,-1,mcq13
Kepler-962,12.786,0.013,1819,-1,-1,-1,mcq13
Kepler-1027,20.582,0.013,1961,-1,-1,-1,mcq13
Kepler-39,4.464,0.013,423,-1,-1,-1,mcq13
Kepler-1387,20.724,0.013,2924,-1,-1,-1,mcq13
Kepler-1187,12.757,0.013,2314,-1,-1,-1,mcq13
Kepler-1895,17.299,0.014,3027,-1,-1,-1,mcq13
TOI-1224,1.166,0.014,-1,-1,299798795,-1,mar20
Kepler-1048,16.002,0.014,2005,-1,-1,-1,mcq13
Kepler-396,13.272,0.014,2672,-1,-1,-1,mcq13
Kepler-1687,29.273,0.014,2588,-1,-1,-1,mcq13
Kepler-1120,29.354,0.014,2146,-1,-1,-1,mcq13
Kepler-367,17.068,0.014,2173,-1,-1,-1,mcq13
Kepler-1795,19.31,0.014,2117,-1,-1,-1,mcq13
Kepler-67,10.464,0.014,2115,-1,-1,-1,mcq13
Kepler-1877,16.929,0.014,2803,-1,-1,-1,mcq13
Kepler-785,18.293,0.014,1176,-1,-1,-1,mcq13
Kepler-1680,19.883,0.015,2120,-1,-1,-1,mcq13
Kepler-1770,11.223,0.015,1842,-1,-1,-1,mcq13
Kepler-1273,17.32,0.015,2544,-1,-1,-1,mcq13
Kepler-1022,18.75,0.015,1940,-1,-1,-1,mcq13
Kepler-28,17.951,0.016,870,-1,-1,-1,mcq13
Kepler-450,20.796,0.016,279,-1,-1,-1,mcq13
Kepler-539,11.769,0.016,372,-1,-1,-1,mcq13
Kepler-1335,23.411,0.016,2747,-1,-1,-1,mcq13
Kepler-988,24.789,0.016,1868,-1,-1,-1,mcq13
Kepler-1053,14.9,0.016,2013,-1,-1,-1,mcq13
Kepler-1777,13.543,0.017,1944,-1,-1,-1,mcq13
Kepler-30,16.004,0.017,806,-1,-1,-1,mcq13
Kepler-1148,17.019,0.017,2223,-1,-1,-1,mcq13
Kepler-1374,11.642,0.018,2868,-1,-1,-1,mcq13
Kepler-222,10.983,0.018,723,-1,-1,-1,mcq13
Kepler-1088,13.874,0.018,2087,-1,-1,-1,mcq13
Kepler-1021,14.621,0.018,1939,-1,-1,-1,mcq13
Kepler-1355,20.12,0.018,2816,-1,-1,-1,mcq13
Kepler-1107,17.985,0.019,2119,-1,-1,-1,mcq13
Kepler-855,14.965,0.019,1456,-1,-1,-1,mcq13
HAT-P-20,14.48,0.02,-1,-1,-1,-1,nasa
HIP 67522,1.42,0.02,-1,-1,-1,-1,nasa
MASCARA-1,0.85,0.02,-1,-1,-1,-1,nasa
K2-237,5.07,0.02,-1,-1,-1,-1,nasa
HD 114082,1.92,0.02,-1,-1,-1,-1,nasa
HATS-16,12.35,0.02,-1,-1,-1,-1,nasa
Kepler-440,17.61,0.02,-1,-1,-1,-1,arm15
HATS-72,48.73,0.02,-1,-1,-1,-1,nasa
GJ 9066,1.96,0.02,-1,-1,-1,-1,nasa
TOI-1408,7.91,0.02,-1,-1,-1,-1,nasa
Kepler-1629,7.577,0.02,-1,7935997,-1,-1,mcq14
Kepler-352,15.983,0.02,2029,-1,-1,-1,mcq13
HD 15337,36.53,0.02,-1,-1,-1,-1,nasa
TOI-2046,3.97,0.02,-1,-1,-1,-1,nasa
Kepler-1783,16.362,0.02,2001,-1,-1,-1,mcq13
CoRoT-2,4.52,0.02,-1,-1,-1,-1,nasa
Kepler-1007,18.133,0.02,1900,-1,-1,-1,mcq13
Kepler-283,18.27,0.02,-1,-1,-1,-1,arm15
Kepler-1074,30.114,0.02,2057,-1,-1,-1,mcq13
V1298 Tau,2.87,0.02,-1,-1,-1,-1,nasa
K2-29,10.79,0.02,-1,-1,-1,-1,nasa
Kepler-1814,24.32,0.02,2250,-1,-1,-1,mcq13
Kepler-860,18.632,0.021,1481,-1,-1,-1,mcq13
Kepler-1381,14.524,0.021,2898,-1,-1,-1,mcq13
Kepler-910,7.087,0.021,1618,-1,-1,-1,mcq13
Kepler-220,30.786,0.021,719,-1,-1,-1,mcq13
Kepler-1293,12.265,0.021,2623,-1,-1,-1,mcq13
Kepler-1241,19.226,0.021,2444,-1,-1,-1,mcq13
Kepler-1985,11.241,0.021,2851,-1,-1,-1,mcq13
Kepler-1042,20.324,0.021,1996,-1,-1,-1,mcq13
Kepler-155,26.762,0.021,438,-1,-1,-1,mcq13
Kepler-1059,19.167,0.021,2021,-1,-1,-1,mcq13
Kepler-1131,11.222,0.021,2171,-1,-1,-1,mcq13
Kepler-1295,16.526,0.022,2625,-1,-1,-1,mcq13
Kepler-532,15.148,0.022,346,-1,-1,-1,mcq13
Kepler-725,17.459,0.022,918,-1,-1,-1,mcq13
Kepler-1150,15.844,0.022,2225,-1,-1,-1,mcq13
Kepler-519,17.825,0.023,306,-1,-1,-1,mcq13
Kepler-992,25.953,0.023,1877,-1,-1,-1,mcq13
Kepler-1735,39.934,0.024,1085,-1,-1,-1,mcq13
Kepler-1788,21.966,0.024,2060,-1,-1,-1,mcq13
Kepler-231,23.397,0.024,784,-1,-1,-1,mcq13
Kepler-1129,10.658,0.024,2167,-1,-1,-1,mcq13
Kepler-1281,25.127,0.024,2580,-1,-1,-1,mcq13
Kepler-543,20.312,0.024,387,-1,-1,-1,mcq13
Kepler-1067,17.422,0.024,2039,-1,-1,-1,mcq13
Kepler-195,25.828,0.024,598,-1,-1,-1,mcq13
Kepler-1178,18.165,0.025,2298,-1,-1,-1,mcq13
Kepler-934,20.232,0.025,1711,-1,-1,-1,mcq13
Kepler-1062,15.786,0.025,2031,-1,-1,-1,mcq13
Kepler-616,15.084,0.025,593,-1,-1,-1,mcq13
Kepler-1830,5.831,0.025,2358,-1,-1,-1,mcq13
Kepler-1019,22.829,0.026,1937,-1,-1,-1,mcq13
Kepler-985,18.525,0.026,1858,-1,-1,-1,mcq13
Kepler-884,22.986,0.026,1531,-1,-1,-1,mcq13
Kepler-1864,16.228,0.026,2636,-1,-1,-1,mcq13
Kepler-1669,26.839,0.026,1475,-1,-1,-1,mcq13
Kepler-779,25.306,0.026,1146,-1,-1,-1,mcq13
Kepler-898,32.049,0.027,1584,-1,-1,-1,mcq13
Kepler-1329,24.094,0.027,2736,-1,-1,-1,mcq13
Kepler-1153,16.185,0.027,2242,-1,-1,-1,mcq13
Kepler-1014,26.377,0.027,1920,-1,-1,-1,mcq13
Kepler-1749,25.488,0.028,1408,-1,-1,-1,mcq13
Kepler-353,32.402,0.028,2036,-1,-1,-1,mcq13
TOI-1227,1.663,0.028,-1,-1,360156606,-1,mar20
Kepler-753,21.721,0.028,1024,-1,-1,-1,mcq13
WASP-167,1.073,0.029,-1,-1,104024556,-1,mar20
Kepler-17,12.159,0.029,203,-1,-1,-1,mcq13
Kepler-1852,28.011,0.029,2532,-1,-1,-1,mcq13
Kepler-78,12.588,0.03,-1,8435766,-1,-1,mcq14
Kepler-400,13.409,0.03,2711,-1,-1,-1,mcq13
Kepler-75,19.375,0.03,889,-1,-1,-1,mcq13
TOI-2260,8.45,0.03,-1,-1,-1,-1,nasa
Kepler-1036,22.065,0.03,1980,-1,-1,-1,mcq13
Kepler-958,18.259,0.03,1813,-1,-1,-1,mcq13
Kepler-150,17.558,0.03,408,-1,-1,-1,mcq13
Kepler-687,23.475,0.031,811,-1,-1,-1,mcq13
Kepler-821,31.253,0.031,1337,-1,-1,-1,mcq13
Kepler-994,19.26,0.032,1880,-1,-1,-1,mcq13
Kepler-853,5.269,0.032,1445,-1,-1,-1,mcq13
Kepler-1869,14.223,0.032,2687,-1,-1,-1,mcq13
Kepler-1070,10.714,0.032,2047,-1,-1,-1,mcq13
Kepler-1337,22.36,0.033,2751,-1,-1,-1,mcq13
Kepler-1713,5.274,0.033,269,-1,-1,-1,mcq13
Kepler-1040,18.792,0.033,1989,-1,-1,-1,mcq13
Kepler-674,35.835,0.033,778,-1,-1,-1,mcq13
Kepler-1001,19.836,0.034,1889,-1,-1,-1,mcq13
Kepler-1856,23.447,0.035,2543,-1,-1,-1,mcq13
Kepler-1684,21.555,0.035,2417,-1,-1,-1,mcq13
Kepler-1682,15.527,0.035,2229,-1,-1,-1,mcq13
Kepler-118,27.678,0.035,216,-1,-1,-1,mcq13
Kepler-1679,20.505,0.035,2106,-1,-1,-1,mcq13
Kepler-1026,25.656,0.036,1959,-1,-1,-1,mcq13
Kepler-21,12.591,0.036,975,-1,-1,-1,mcq13
Kepler-151,22.801,0.036,413,-1,-1,-1,mcq13
Kepler-949,23.948,0.037,1751,-1,-1,-1,mcq13
Kepler-1011,17.263,0.037,1911,-1,-1,-1,mcq13
Kepler-1318,27.399,0.037,2703,-1,-1,-1,mcq13
Kepler-691,34.586,0.038,818,-1,-1,-1,mcq13
Kepler-1259,23.291,0.038,2493,-1,-1,-1,mcq13
Kepler-1052,13.24,0.038,2012,-1,-1,-1,mcq13
Kepler-25,23.147,0.039,244,-1,-1,-1,mcq13
Kepler-1418,11.911,0.039,3049,-1,-1,-1,mcq13
Kepler-333,24.23,0.039,1908,-1,-1,-1,mcq13
Kepler-245,19.444,0.039,869,-1,-1,-1,mcq13
K2-233,9.75,0.04,-1,-1,-1,-1,nasa
Kepler-727,22.635,0.04,922,-1,-1,-1,mcq13
HD 73344,9.09,0.04,-1,-1,-1,-1,nasa
KOI-7368,2.61,0.04,-1,-1,-1,-1,nasa
GJ 338 B,16.61,0.04,-1,-1,-1,-1,nasa
HATS-57,12.71,0.04,-1,-1,-1,-1,nasa
Kepler-1928,4.69,0.04,-1,-1,-1,-1,nasa
Kepler-1643,5.11,0.04,-1,-1,-1,-1,nasa
Kepler-1049,28.753,0.041,2006,-1,-1,-1,mcq13
Kepler-978,18.725,0.041,1848,-1,-1,-1,mcq13
Kepler-1882,22.999,0.041,2848,-1,-1,-1,mcq13
Kepler-257,21.679,0.042,941,-1,-1,-1,mcq13
Kepler-1008,21.036,0.042,1904,-1,-1,-1,mcq13
Kepler-1363,18.183,0.043,2836,-1,-1,-1,mcq13
Kepler-1050,15.0,0.043,2007,-1,-1,-1,mcq13
Kepler-1819,17.049,0.044,2299,-1,-1,-1,mcq13
Kepler-1317,21.396,0.044,2699,-1,-1,-1,mcq13
Kepler-967,18.347,0.044,1830,-1,-1,-1,mcq13
HD 110082,2.149,0.044,-1,-1,383390264,-1,mar20
Kepler-668,18.958,0.044,765,-1,-1,-1,mcq13
Kepler-999,7.306,0.045,1886,-1,-1,-1,mcq13
Kepler-1103,10.978,0.045,2109,-1,-1,-1,mcq13
LTT 1445 A,1.393,0.046,-1,-1,98796344,-1,mar20
Kepler-1697,26.63,0.046,-1,7742408,-1,-1,mcq14
Kepler-1013,12.772,0.046,1914,-1,-1,-1,mcq13
Kepler-358,21.723,0.047,2080,-1,-1,-1,mcq13
Kepler-928,24.682,0.047,1687,-1,-1,-1,mcq13
Kepler-164,15.35,0.047,474,-1,-1,-1,mcq13
Kepler-506,7.86,0.047,257,-1,-1,-1,mcq13
Kepler-414,18.554,0.048,341,-1,-1,-1,mcq13
Kepler-1853,11.171,0.048,2535,-1,-1,-1,mcq13
Kepler-1091,14.776,0.049,2095,-1,-1,-1,mcq13
Kepler-98,22.965,0.049,299,-1,-1,-1,mcq13
TOI-5398,7.34,0.05,-1,-1,-1,-1,nasa
HD 63433,6.45,0.05,-1,-1,-1,-1,nasa
HD 190007,28.63,0.05,-1,-1,-1,-1,nasa
WASP-10,11.91,0.05,-1,-1,-1,-1,nasa
55 Cnc,38.8,0.05,-1,-1,-1,-1,nasa
WASP-41,18.41,0.05,-1,-1,-1,-1,nasa
TRAPPIST-1,1.4,0.05,-1,-1,-1,-1,nasa
DS Tuc A,2.85,0.05,-1,-1,-1,-1,nasa
Kepler-1089,36.421,0.051,2090,-1,-1,-1,mcq13
Kepler-610,18.139,0.051,581,-1,-1,-1,mcq13
Kepler-951,19.762,0.052,1788,-1,-1,-1,mcq13
Kepler-1304,32.928,0.052,2652,-1,-1,-1,mcq13
Kepler-1978,21.23,0.052,1942,-1,-1,-1,mcq13
Kepler-43,12.851,0.053,135,-1,-1,-1,mcq13
Kepler-1143,23.389,0.053,2210,-1,-1,-1,mcq13
Kepler-615,20.965,0.053,588,-1,-1,-1,mcq13
Kepler-263,22.745,0.054,999,-1,-1,-1,mcq13
Kepler-600,15.855,0.054,560,-1,-1,-1,mcq13
Kepler-296,35.856,0.056,1422,-1,-1,-1,mcq13
Kepler-977,21.184,0.056,1847,-1,-1,-1,mcq13
Kepler-398,30.289,0.056,2693,-1,-1,-1,mcq13
Kepler-1825,29.806,0.058,2325,-1,-1,-1,mcq13
Kepler-859,26.757,0.058,1480,-1,-1,-1,mcq13
Kepler-1797,16.279,0.058,2125,-1,-1,-1,mcq13
Kepler-981,14.023,0.058,1851,-1,-1,-1,mcq13
Kepler-1139,26.893,0.058,2202,-1,-1,-1,mcq13
Kepler-665,21.273,0.058,758,-1,-1,-1,mcq13
Kepler-686,16.493,0.059,809,-1,-1,-1,mcq13
Kepler-1826,35.128,0.059,2329,-1,-1,-1,mcq13
TOI-782,65.26,0.06,-1,-1,-1,-1,nasa
Kepler-336,10.258,0.06,1916,-1,-1,-1,mcq13
Kepler-1405,13.899,0.06,2998,-1,-1,-1,mcq13
HAT-P-68,24.59,0.06,-1,-1,-1,-1,nasa
Kepler-1845,22.749,0.06,2490,-1,-1,-1,mcq13
TOI-1860,4.43,0.06,-1,-1,-1,-1,nasa
K2-31,18.38,0.06,-1,-1,-1,-1,nasa
K2-415,4.3,0.06,-1,-1,-1,-1,nasa
Kepler-1849,24.053,0.06,2525,-1,-1,-1,mcq13
TOI-776,21.13,0.06,-1,-1,-1,-1,nasa
Kepler-833,29.412,0.061,1403,-1,-1,-1,mcq13
Kepler-1414,14.552,0.061,3026,-1,-1,-1,mcq13
Kepler-1673,11.533,0.062,1863,-1,-1,-1,mcq13
Kepler-224,21.878,0.063,733,-1,-1,-1,mcq13
Kepler-621,28.49,0.064,605,-1,-1,-1,mcq13
Kepler-564,18.987,0.065,470,-1,-1,-1,mcq13
Kepler-917,12.953,0.065,1637,-1,-1,-1,mcq13
Kepler-1833,11.216,0.065,2367,-1,-1,-1,mcq13
Kepler-1801,11.522,0.065,2172,-1,-1,-1,mcq13
Kepler-85,23.498,0.066,2038,-1,-1,-1,mcq13
Kepler-1388,23.907,0.066,2926,-1,-1,-1,mcq13
Kepler-716,23.593,0.069,892,-1,-1,-1,mcq13
Kepler-1787,20.039,0.069,2056,-1,-1,-1,mcq13
HD 18599,8.73,0.07,-1,-1,-1,-1,nasa
Kepler-1672,11.534,0.07,1822,-1,-1,-1,mcq13
GJ 740,35.56,0.07,-1,-1,-1,-1,nasa
K2-131,9.19,0.07,-1,-1,-1,-1,nasa
Kepler-186,34.27,0.07,-1,-1,-1,-1,arm15
Kepler-294,24.371,0.073,1396,-1,-1,-1,mcq13
Kepler-415,23.126,0.074,1194,-1,-1,-1,mcq13
Kepler-1873,28.414,0.074,2735,-1,-1,-1,mcq13
Kepler-176,34.16,0.075,520,-1,-1,-1,mcq13
Kepler-46,27.859,0.075,872,-1,-1,-1,mcq13
Kepler-1395,11.871,0.075,2961,-1,-1,-1,mcq13
Kepler-246,23.175,0.076,874,-1,-1,-1,mcq13
Kepler-1728,26.369,0.076,810,-1,-1,-1,mcq13
Kepler-781,20.041,0.077,1160,-1,-1,-1,mcq13
Kepler-585,19.317,0.077,517,-1,-1,-1,mcq13
Kepler-9,16.746,0.077,377,-1,-1,-1,mcq13
Kepler-722,18.524,0.079,911,-1,-1,-1,mcq13
Kepler-1035,33.935,0.079,1979,-1,-1,-1,mcq13
Kepler-1061,9.749,0.079,2026,-1,-1,-1,mcq13
Kepler-1661,24.44,0.08,-1,-1,-1,-1,nasa
TOI-4562,3.86,0.08,-1,-1,-1,-1,nasa
NGTS-21,17.89,0.08,-1,-1,-1,-1,nasa
GJ 436,44.09,0.08,-1,-1,-1,-1,nasa
TOI-544,19.34,0.08,-1,-1,-1,-1,nasa
Kepler-438,37.04,0.08,-1,-1,-1,-1,arm15
Kepler-462,0.37,0.08,-1,-1,-1,-1,nasa
Kepler-54,34.891,0.081,886,-1,-1,-1,mcq13
Kepler-1376,26.453,0.082,2877,-1,-1,-1,mcq13
Kepler-1359,25.343,0.082,2828,-1,-1,-1,mcq13
Kepler-96,14.922,0.083,261,-1,-1,-1,mcq13
Kepler-1685,19.878,0.083,2504,-1,-1,-1,mcq13
Kepler-1798,27.266,0.084,2130,-1,-1,-1,mcq13
Kepler-1868,22.059,0.086,2686,-1,-1,-1,mcq13
Kepler-1254,23.318,0.087,2485,-1,-1,-1,mcq13
Kepler-787,36.409,0.087,1202,-1,-1,-1,mcq13
Kepler-1726,20.912,0.087,704,-1,-1,-1,mcq13
Kepler-1124,28.464,0.088,2156,-1,-1,-1,mcq13
Kepler-1285,8.667,0.088,2593,-1,-1,-1,mcq13
Kepler-1219,29.067,0.088,2390,-1,-1,-1,mcq13
Kepler-354,28.364,0.088,2045,-1,-1,-1,mcq13
Kepler-169,25.433,0.089,505,-1,-1,-1,mcq13
Kepler-1384,22.168,0.089,2910,-1,-1,-1,mcq13
Kepler-258,26.399,0.09,951,-1,-1,-1,mcq13
TOI-1448,42.28,0.09,-1,-1,-1,-1,nasa
Kepler-219,17.101,0.09,718,-1,-1,-1,mcq13
Kepler-1181,2.444,0.091,2303,-1,-1,-1,mcq13
Kepler-1902,27.227,0.091,3090,-1,-1,-1,mcq13
Kepler-1858,31.269,0.091,2553,-1,-1,-1,mcq13
Kepler-670,24.066,0.092,767,-1,-1,-1,mcq13
Kepler-682,23.408,0.092,791,-1,-1,-1,mcq13
Kepler-743,20.894,0.094,987,-1,-1,-1,mcq13
Kepler-1779,12.666,0.094,1969,-1,-1,-1,mcq13
Kepler-974,34.387,0.095,1843,-1,-1,-1,mcq13
Kepler-1663,40.333,0.095,252,-1,-1,-1,mcq13
Kepler-1288,20.304,0.096,2608,-1,-1,-1,mcq13
KOI-217,19.768,0.096,217,-1,-1,-1,mcq13
Kepler-1714,13.38,0.099,288,-1,-1,-1,mcq13
Kepler-235,38.562,0.099,812,-1,-1,-1,mcq13
TOI-778,2.58,0.1,-1,-1,-1,-1,nasa
TOI-451,5.1,0.1,-1,-1,-1,-1,nasa
GJ 9404,23.2,0.1,-1,-1,-1,-1,nasa
TOI-836,21.99,0.1,-1,-1,-1,-1,nasa
K2-240,10.8,0.1,-1,-1,-1,-1,nasa
K2-36,17.13,0.1,-1,-1,-1,-1,nasa
TOI-1807,8.8,0.1,-1,-1,-1,-1,nasa
K2-100,4.3,0.1,-1,-1,-1,-1,nasa
Kepler-1759,31.419,0.1,1646,-1,-1,-1,mcq13
Qatar-1,23.7,0.1,-1,-1,-1,-1,nasa
Gl 49,18.86,0.1,-1,-1,-1,-1,nasa
Kepler-1308,33.669,0.1,2662,-1,-1,-1,mcq13
HIP 94235,2.183,0.102,-1,-1,464646604,-1,mar20
Kepler-1393,22.57,0.102,2951,-1,-1,-1,mcq13
Kepler-148,29.205,0.103,398,-1,-1,-1,mcq13
Kepler-1769,8.249,0.104,1808,-1,-1,-1,mcq13
Kepler-111,16.957,0.105,139,-1,-1,-1,mcq13
Kepler-1068,17.598,0.106,2044,-1,-1,-1,mcq13
Kepler-1128,19.873,0.106,2166,-1,-1,-1,mcq13
Kepler-332,23.637,0.107,1905,-1,-1,-1,mcq13
Kepler-389,28.051,0.108,2473,-1,-1,-1,mcq13
TOI-2048,3.821,0.109,-1,-1,159873822,-1,mar20
Kepler-1276,8.801,0.111,2555,-1,-1,-1,mcq13
Kepler-801,29.865,0.113,1266,-1,-1,-1,mcq13
Kepler-1221,23.306,0.114,2397,-1,-1,-1,mcq13
Kepler-402,8.959,0.114,2722,-1,-1,-1,mcq13
Kepler-254,24.523,0.114,934,-1,-1,-1,mcq13
Kepler-334,16.675,0.115,1909,-1,-1,-1,mcq13
Kepler-1741,29.788,0.119,1201,-1,-1,-1,mcq13
K2-139,17.24,0.12,-1,-1,-1,-1,nasa
Kepler-114,34.549,0.12,156,-1,-1,-1,mcq13
Kepler-423,22.05,0.12,-1,-1,-1,-1,nasa
HD 207496,12.36,0.12,-1,-1,-1,-1,nasa
Kepler-561,26.336,0.121,464,-1,-1,-1,mcq13
KOI-12,1.245,0.124,12,-1,-1,-1,mcq13
Kepler-131,17.523,0.127,283,-1,-1,-1,mcq13
Kepler-1692,33.389,0.127,2849,-1,-1,-1,mcq13
Kepler-1121,7.425,0.128,2149,-1,-1,-1,mcq13
GJ 367,51.3,0.13,-1,-1,-1,-1,nasa
Kepler-464,17.332,0.133,107,-1,-1,-1,mcq13
Kepler-1651,18.184,0.133,1725,-1,-1,-1,mcq13
HAT-P-11,29.472,0.134,3,-1,-1,-1,mcq13
Kepler-1674,25.948,0.137,1892,-1,-1,-1,mcq13
Kepler-171,21.506,0.138,509,-1,-1,-1,mcq13
HATS-71,41.72,0.14,-1,-1,-1,-1,nasa
Kepler-303,41.897,0.141,1515,-1,-1,-1,mcq13
Kepler-346,22.223,0.143,1978,-1,-1,-1,mcq13
Kepler-732,36.007,0.144,936,-1,-1,-1,mcq13
Kepler-956,13.761,0.147,1802,-1,-1,-1,mcq13
Kepler-911,18.451,0.148,1621,-1,-1,-1,mcq13
Kepler-1979,17.996,0.148,2150,-1,-1,-1,mcq13
Kepler-105,16.846,0.15,115,-1,-1,-1,mcq13
Kepler-1075,21.968,0.15,2058,-1,-1,-1,mcq13
WASP-6,23.8,0.15,-1,-1,-1,-1,nasa
Kepler-552,18.577,0.15,432,-1,-1,-1,mcq13
Kepler-102,26.572,0.153,82,-1,-1,-1,mcq13
Kepler-1630,29.991,0.153,-1,7978202,-1,-1,mcq14
Kepler-24,10.08,0.154,1102,-1,-1,-1,mcq13
Kepler-65,7.911,0.155,85,-1,-1,-1,mcq13
Kepler-1710,23.156,0.155,103,-1,-1,-1,mcq13
WASP-69,23.07,0.16,-1,-1,-1,-1,nasa
GJ 685,18.15,0.16,-1,-1,-1,-1,nasa
TOI-1333,5.3,0.16,-1,-1,-1,-1,nasa
Kepler-1169,12.566,0.161,2273,-1,-1,-1,mcq13
Kepler-1926,22.487,0.162,-1,8231667,-1,-1,mcq14
Kepler-1905,19.213,0.164,3095,-1,-1,-1,mcq13
Kepler-1400,27.588,0.167,2981,-1,-1,-1,mcq13
Kepler-997,11.485,0.168,1883,-1,-1,-1,mcq13
Kepler-1132,24.665,0.17,2177,-1,-1,-1,mcq13
TOI-1759,35.65,0.17,-1,-1,-1,-1,nasa
K2-33,6.29,0.17,-1,-1,-1,-1,nasa
Kepler-629,22.412,0.171,632,-1,-1,-1,mcq13
Kepler-1378,20.386,0.171,2883,-1,-1,-1,mcq13
Kepler-642,4.79,0.172,673,-1,-1,-1,mcq13
Kepler-408,12.444,0.172,1612,-1,-1,-1,mcq13
Kepler-1650,34.4,0.172,1702,-1,-1,-1,mcq13
Kepler-1167,28.078,0.172,2266,-1,-1,-1,mcq13
Kepler-190,29.985,0.172,579,-1,-1,-1,mcq13
Kepler-478,32.208,0.174,165,-1,-1,-1,mcq13
Kepler-527,6.886,0.176,333,-1,-1,-1,mcq13
Kepler-1634,19.794,0.177,-1,8891684,-1,-1,mcq14
Kepler-1690,23.147,0.182,2757,-1,-1,-1,mcq13
Kepler-550,22.786,0.184,429,-1,-1,-1,mcq13
Kepler-567,25.278,0.185,477,-1,-1,-1,mcq13
Kepler-514,8.291,0.185,297,-1,-1,-1,mcq13
Kepler-1224,10.378,0.187,2403,-1,-1,-1,mcq13
Kepler-1244,3.19,0.188,2457,-1,-1,-1,mcq13
Kepler-587,24.081,0.19,530,-1,-1,-1,mcq13
GJ 849,40.45,0.19,-1,-1,-1,-1,nasa
Kepler-663,22.924,0.193,751,-1,-1,-1,mcq13
Kepler-617,37.726,0.193,596,-1,-1,-1,mcq13
Kepler-1030,25.657,0.197,1971,-1,-1,-1,mcq13
Kepler-1045,21.47,0.197,2000,-1,-1,-1,mcq13
Kepler-172,23.287,0.199,510,-1,-1,-1,mcq13
HD 176986,35.9,0.2,-1,-1,-1,-1,nasa
HD 73583,12.2,0.2,-1,-1,-1,-1,nasa
BD-14 3065 A,4.3,0.2,-1,-1,-1,-1,nasa
WASP-19,10.5,0.2,-1,-1,-1,-1,nasa
Qatar-7,5.9,0.2,-1,-1,-1,-1,nasa
Qatar-2,18.0,0.2,-1,-1,-1,-1,nasa
HD 102195,12.3,0.2,-1,-1,-1,-1,nasa
Kepler-973,25.32,0.2,1841,-1,-1,-1,mcq13
Kepler-1236,27.409,0.2,2432,-1,-1,-1,mcq13
Kepler-1130,27.633,0.201,2169,-1,-1,-1,mcq13
HD 235088,5.368,0.203,-1,-1,293954617,-1,mar20
Kepler-576,29.609,0.205,492,-1,-1,-1,mcq13
Kepler-301,22.686,0.208,1436,-1,-1,-1,mcq13
Kepler-580,30.724,0.212,503,-1,-1,-1,mcq13
Kepler-207,15.425,0.213,665,-1,-1,-1,mcq13
Kepler-127,10.117,0.213,271,-1,-1,-1,mcq13
Kepler-383,29.778,0.214,2413,-1,-1,-1,mcq13
Kepler-267,21.627,0.215,1078,-1,-1,-1,mcq13
Kepler-549,26.28,0.216,427,-1,-1,-1,mcq13
Kepler-809,29.587,0.217,1302,-1,-1,-1,mcq13
Kepler-1860,29.908,0.217,2581,-1,-1,-1,mcq13
Kepler-1847,10.859,0.219,2507,-1,-1,-1,mcq13
GJ 393,34.15,0.22,-1,-1,-1,-1,nasa
TOI-622,3.77,0.22,-1,-1,-1,-1,nasa
Kepler-531,35.053,0.221,345,-1,-1,-1,mcq13
Kepler-1782,25.791,0.223,1985,-1,-1,-1,mcq13
Kepler-1044,14.776,0.224,1998,-1,-1,-1,mcq13
Kepler-676,37.049,0.225,781,-1,-1,-1,mcq13
AU Mic,4.694,0.228,-1,-1,441420236,-1,mar20
Kepler-140,24.517,0.228,327,-1,-1,-1,mcq13
HIP 113103,9.92,0.23,-1,-1,-1,-1,nasa
Kepler-622,37.03,0.236,610,-1,-1,-1,mcq13
Kepler-755,29.807,0.238,1050,-1,-1,-1,mcq13
Kepler-240,32.402,0.24,837,-1,-1,-1,mcq13
Kepler-1421,13.13,0.249,3060,-1,-1,-1,mcq13
Kepler-512,12.103,0.249,294,-1,-1,-1,mcq13
Kepler-1321,41.425,0.25,2715,-1,-1,-1,mcq13
Kepler-1265,29.793,0.25,2520,-1,-1,-1,mcq13
Kepler-80,25.567,0.252,500,-1,-1,-1,mcq13
Kepler-568,34.192,0.253,478,-1,-1,-1,mcq13
Kepler-32,36.22,0.256,952,-1,-1,-1,mcq13
Kepler-658,38.684,0.257,739,-1,-1,-1,mcq13
Kepler-1729,38.304,0.258,875,-1,-1,-1,mcq13
Kepler-927,16.825,0.259,1683,-1,-1,-1,mcq13
Kepler-742,39.1,0.261,956,-1,-1,-1,mcq13
Kepler-975,39.707,0.265,1845,-1,-1,-1,mcq13
Kepler-1992,27.82,0.267,3052,-1,-1,-1,mcq13
TOI-1135,5.13,0.27,-1,-1,-1,-1,nasa
GJ 411,56.16,0.27,-1,-1,-1,-1,nasa
Kepler-652,26.863,0.276,714,-1,-1,-1,mcq13
HD 77946,13.56,0.28,-1,-1,-1,-1,nasa
COCONUTS-2 A,2.83,0.28,-1,-1,-1,-1,nasa
HATS-47,6.42,0.28,-1,-1,-1,-1,nasa
YZ Cet,68.28,0.28,-1,-1,-1,-1,nasa
TOI-251,3.773,0.285,-1,-1,224225541,-1,mar20
Kepler-518,16.503,0.286,304,-1,-1,-1,mcq13
Gl 686,38.73,0.29,-1,-1,-1,-1,nasa
TOI-1107,6.2,0.3,-1,-1,-1,-1,nasa
TOI-1347,16.1,0.3,-1,-1,-1,-1,nasa
TOI-4515,15.5,0.3,-1,-1,-1,-1,nasa
K2-19,20.54,0.3,-1,-1,-1,-1,nasa
TOI-3714,23.3,0.3,-1,-1,-1,-1,nasa
K2-229,18.1,0.3,-1,-1,-1,-1,nasa
Kepler-560,49.93,0.301,463,-1,-1,-1,mcq13
Kepler-199,17.787,0.309,638,-1,-1,-1,mcq13
TOI-615,5.38,0.31,-1,-1,-1,-1,nasa
Kepler-388,32.426,0.315,2466,-1,-1,-1,mcq13
Kepler-161,27.885,0.317,457,-1,-1,-1,mcq13
Kepler-1725,8.885,0.318,635,-1,-1,-1,mcq13
Kepler-718,14.979,0.322,897,-1,-1,-1,mcq13
Kepler-1404,28.268,0.323,2996,-1,-1,-1,mcq13
Kepler-834,33.46,0.33,1404,-1,-1,-1,mcq13
Kepler-1264,20.177,0.336,2517,-1,-1,-1,mcq13
Kepler-249,36.422,0.336,899,-1,-1,-1,mcq13
Kepler-504,46.351,0.34,249,-1,-1,-1,mcq13
Kepler-241,37.595,0.342,842,-1,-1,-1,mcq13
Kepler-862,26.656,0.347,1491,-1,-1,-1,mcq13
Kepler-500,23.301,0.348,237,-1,-1,-1,mcq13
WASP-84,14.36,0.35,-1,-1,-1,-1,nasa
GJ 649,24.89,0.35,-1,-1,-1,-1,nasa
Kepler-593,17.233,0.354,538,-1,-1,-1,mcq13
Kepler-1090,19.374,0.369,2094,-1,-1,-1,mcq13
Kepler-878,31.046,0.378,1521,-1,-1,-1,mcq13
Kepler-61,35.55,0.38,-1,-1,-1,-1,arm15
KOI-142,30.689,0.383,142,-1,-1,-1,mcq13
Kepler-1423,28.856,0.385,3071,-1,-1,-1,mcq13
GJ 9689,39.97,0.39,-1,-1,-1,-1,nasa
Kepler-1367,29.369,0.398,2845,-1,-1,-1,mcq13
Kepler-1907,27.016,0.398,3130,-1,-1,-1,mcq13
CoRoT-18,5.4,0.4,-1,-1,-1,-1,nasa
K2-284,8.88,0.4,-1,-1,-1,-1,nasa
WASP-5,16.2,0.4,-1,-1,-1,-1,nasa
WASP-93,1.45,0.4,-1,-1,-1,-1,nasa
WASP-77 A,15.4,0.4,-1,-1,-1,-1,nasa
Wolf 327,44.4,0.4,-1,-1,-1,-1,nasa
HAT-P-22,28.7,0.4,-1,-1,-1,-1,nasa
K2-104,9.3,0.4,-1,-1,-1,-1,nasa
TOI-2095,40.0,0.4,-1,-1,-1,-1,nasa
WASP-43,15.6,0.4,-1,-1,-1,-1,nasa
TOI-5293 A,20.6,0.4,-1,-1,-1,-1,nasa
HD 260655,37.5,0.4,-1,-1,-1,-1,nasa
WASP-89,20.2,0.4,-1,-1,-1,-1,nasa
TOI-4201,17.3,0.4,-1,-1,-1,-1,nasa
HATS-18,9.8,0.4,-1,-1,-1,-1,nasa
Kepler-913,25.487,0.404,1627,-1,-1,-1,mcq13
Kepler-737,24.791,0.406,947,-1,-1,-1,mcq13
HD 180617,50.6,0.41,-1,-1,-1,-1,nasa
Kepler-193,13.302,0.411,590,-1,-1,-1,mcq13
Kepler-146,13.813,0.423,386,-1,-1,-1,mcq13
Kepler-901,31.026,0.426,1588,-1,-1,-1,mcq13
Kepler-979,26.773,0.432,1849,-1,-1,-1,mcq13
Kepler-664,20.479,0.435,755,-1,-1,-1,mcq13
Kepler-1761,25.729,0.436,1649,-1,-1,-1,mcq13
Kepler-1138,24.882,0.438,2200,-1,-1,-1,mcq13
Kepler-307,25.892,0.44,1576,-1,-1,-1,mcq13
Kepler-62,39.77,0.44,-1,-1,-1,-1,arm15
Kepler-84,19.32,0.444,1589,-1,-1,-1,mcq13
Kepler-1245,25.766,0.447,2458,-1,-1,-1,mcq13
Kepler-849,17.829,0.447,1439,-1,-1,-1,mcq13
Kepler-530,24.15,0.455,344,-1,-1,-1,mcq13
Kepler-1815,23.131,0.456,2259,-1,-1,-1,mcq13
Kepler-1207,17.011,0.459,2356,-1,-1,-1,mcq13
Kepler-1031,20.981,0.465,1972,-1,-1,-1,mcq13
HD 109833,4.9,0.467,-1,-1,360630575,-1,mar20
K2-350,8.22,0.47,-1,-1,-1,-1,nasa
HD 13808,38.99,0.47,-1,-1,-1,-1,nasa
WASP-180 A,4.594,0.474,-1,-1,178367144,-1,mar20
Kepler-1133,27.964,0.484,2180,-1,-1,-1,mcq13
Kepler-1012,21.837,0.486,1913,-1,-1,-1,mcq13
Kepler-780,33.043,0.49,1150,-1,-1,-1,mcq13
GJ 3470,21.54,0.49,-1,-1,-1,-1,nasa
HN Peg,4.5,0.5,-1,-1,-1,-1,nasa
TOI-1268,10.9,0.5,-1,-1,-1,-1,nasa
K2-18,38.6,0.5,-1,-1,-1,-1,nasa
WASP-50,16.3,0.5,-1,-1,-1,-1,nasa
CoRoT-6,6.4,0.5,-1,-1,-1,-1,nasa
Kepler-648,22.842,0.508,694,-1,-1,-1,mcq13
Kepler-1681,21.572,0.512,2132,-1,-1,-1,mcq13
Kepler-756,27.433,0.513,1053,-1,-1,-1,mcq13
Kepler-1665,36.367,0.522,650,-1,-1,-1,mcq13
Kepler-786,34.257,0.529,1199,-1,-1,-1,mcq13
Kepler-293,31.269,0.533,1366,-1,-1,-1,mcq13
Kepler-623,26.162,0.541,618,-1,-1,-1,mcq13
Kepler-678,41.148,0.55,783,-1,-1,-1,mcq13
TOI-712,12.45,0.57,-1,-1,-1,-1,nasa
HD 80653,19.55,0.57,-1,-1,-1,-1,nasa
TOI-2076,6.84,0.58,-1,-1,-1,-1,nasa
Kepler-735,31.651,0.581,942,-1,-1,-1,mcq13
Kepler-173,14.998,0.581,511,-1,-1,-1,mcq13
TOI-1775,5.329,0.592,-1,-1,9348006,-1,mar20
TOI-5005,21.01,0.6,-1,-1,-1,-1,nasa
WASP-85 A,15.1,0.6,-1,-1,-1,-1,nasa
Kepler-1848,38.039,0.6,2522,-1,-1,-1,mcq13
TOI-1272,28.3,0.6,-1,-1,-1,-1,nasa
K2-101,10.6,0.6,-1,-1,-1,-1,nasa
K2-264,22.2,0.6,-1,-1,-1,-1,nasa
Kepler-1840,36.823,0.607,2469,-1,-1,-1,mcq13
Kepler-229,15.94,0.615,757,-1,-1,-1,mcq13
Kepler-1046,10.116,0.617,2002,-1,-1,-1,mcq13
TOI-444,7.573,0.637,-1,-1,179034327,-1,mar20
TOI-1801,15.98,0.66,-1,-1,-1,-1,nasa
K2-290,6.63,0.66,-1,-1,-1,-1,nasa
Kepler-185,31.78,0.665,569,-1,-1,-1,mcq13
Kepler-1784,22.289,0.69,2023,-1,-1,-1,mcq13
TOI-1136,8.189,0.699,-1,-1,142276270,-1,mar20
K2-102,11.5,0.7,-1,-1,-1,-1,nasa
TOI-2025,13.2,0.7,-1,-1,-1,-1,nasa
LHS 1815,47.8,0.7,-1,-1,-1,-1,nasa
TOI-431,30.5,0.7,-1,-1,-1,-1,nasa
TOI-1685,18.66,0.71,-1,-1,-1,-1,nasa
K2-331,9.98,0.71,-1,-1,-1,-1,nasa
Kepler-1361,37.089,0.72,2832,-1,-1,-1,mcq13
Kepler-350,3.158,0.741,2025,-1,-1,-1,mcq13
Kepler-378,38.637,0.75,2287,-1,-1,-1,mcq13
HD 209458,10.65,0.75,-1,-1,-1,-1,nasa
Kepler-2000,37.125,0.755,253,-1,-1,-1,mcq13
Kepler-50,7.553,0.755,262,-1,-1,-1,mcq13
Kepler-935,30.74,0.772,1716,-1,-1,-1,mcq13
K2-111,29.2,0.8,-1,-1,-1,-1,nasa
HAT-P-21,15.9,0.8,-1,-1,-1,-1,nasa
HD 219828,31.7,0.8,-1,-1,-1,-1,nasa
TOI-700,54.0,0.8,-1,-1,-1,-1,nasa
TOI-1266,44.6,0.8,-1,-1,-1,-1,nasa
K2-339,11.13,0.83,-1,-1,-1,-1,nasa
BD+60 1417,7.5,0.86,-1,-1,-1,-1,nasa
Kepler-1251,25.196,0.878,2482,-1,-1,-1,mcq13
Kepler-1222,27.785,0.884,2399,-1,-1,-1,mcq13
TOI-1842,13.4,0.9,-1,-1,-1,-1,nasa
TOI-2015,8.7,0.9,-1,-1,-1,-1,nasa
WASP-166,12.1,0.9,-1,-1,-1,-1,nasa
Kepler-1455,18.32,0.92,-1,-1,-1,-1,nasa
Kepler-1215,23.609,0.925,2378,-1,-1,-1,mcq13
TOI-1937 A,6.463,0.942,-1,-1,268301217,-1,mar20
Kepler-312,5.692,0.943,1628,-1,-1,-1,mcq13
Kepler-404,22.963,0.956,2768,-1,-1,-1,mcq13
Kepler-1831,20.219,0.973,2361,-1,-1,-1,mcq13
Kepler-989,33.227,0.989,1870,-1,-1,-1,mcq13
HD 48948,43.45,1.0,-1,-1,-1,-1,nasa
WASP-107,17.0,1.0,-1,-1,-1,-1,nasa
HD 50499,22.4,1.0,-1,-1,-1,-1,nasa
GJ 724,57.0,1.0,-1,-1,-1,-1,nasa
WASP-46,16.0,1.0,-1,-1,-1,-1,nasa
TOI-262,67.0,1.0,-1,-1,-1,-1,nasa
G 9-40,30.0,1.0,-1,-1,-1,-1,nasa
HD 62364,14.0,1.0,-1,-1,-1,-1,nasa
K2-136,15.0,1.0,-1,-1,-1,-1,nasa
KOI-4777,44.0,1.0,-1,-1,-1,-1,nasa
HD 23472,40.1,1.0,-1,-1,-1,-1,nasa
WASP-32,11.6,1.0,-1,-1,-1,-1,nasa
TOI-2018,23.5,1.0,-1,-1,-1,-1,nasa
TYC 2187-512-1,40.0,1.0,-1,-1,-1,-1,nasa
Kepler-987,18.283,1.046,1866,-1,-1,-1,mcq13
Kepler-1084,8.513,1.079,2075,-1,-1,-1,mcq13
WASP-8,7.247,1.094,-1,-1,183532609,-1,mar20
Kepler-158,31.299,1.096,446,-1,-1,-1,mcq13
eps Eri,11.3,1.1,-1,-1,-1,-1,sim10
CoRoT-4,8.9,1.1,-1,-1,-1,-1,nasa
EPIC 211822797,14.6,1.1,-1,-1,-1,-1,nasa
WASP-118,6.12,1.11,-1,-1,-1,-1,nasa
Kepler-1793,19.19,1.129,2091,-1,-1,-1,mcq13
KOI-4978,24.106,1.13,-1,3428127,-1,-1,mcq14
K2-352,17.59,1.14,-1,-1,-1,-1,nasa
HD 110113,20.8,1.2,-1,-1,-1,-1,nasa
TOI-1130,25.6,1.2,-1,-1,-1,-1,nasa
HD 98649,27.7,1.2,-1,-1,-1,-1,nasa
TOI-244,53.3,1.2,-1,-1,-1,-1,nasa
GJ 4276,64.3,1.2,-1,-1,-1,-1,nasa
TOI-815,15.3,1.2,-1,-1,-1,-1,nasa
WASP-140,10.229,1.217,-1,-1,178284730,-1,mar20
Kepler-990,31.085,1.232,1875,-1,-1,-1,mcq13
Kepler-314,25.684,1.272,1692,-1,-1,-1,mcq13
HD 213885,18.58,1.28,-1,-1,-1,-1,nasa
Kepler-1671,35.873,1.281,1738,-1,-1,-1,mcq13
TOI-238,26.0,1.3,-1,-1,-1,-1,nasa
TOI-4633,12.1,1.3,-1,-1,-1,-1,nasa
XO-2 N,28.6,1.3,-1,-1,-1,-1,nasa
HD 164922,42.3,1.3,-1,-1,-1,-1,nasa
WASP-148,26.2,1.3,-1,-1,-1,-1,nasa
GJ 536,45.39,1.33,-1,-1,-1,-1,nasa
Kepler-535,10.394,1.346,355,-1,-1,-1,mcq13
K2-3,40.71,1.36,-1,-1,-1,-1,nasa
WASP-173 A,7.765,1.37,-1,-1,77031414,-1,mar20
Kepler-416,21.473,1.376,1860,-1,-1,-1,mcq13
Kepler-1146,34.465,1.386,2214,-1,-1,-1,mcq13
Kepler-134,15.72,1.388,295,-1,-1,-1,mcq13
Kepler-1812,11.15,1.391,2241,-1,-1,-1,mcq13
Kepler-285,26.948,1.399,1305,-1,-1,-1,mcq13
Kepler-1655,13.6,1.4,-1,-1,-1,-1,nasa
TOI-1181,8.7,1.4,-1,-1,-1,-1,nasa
HD 92788,31.0,1.4,-1,-1,-1,-1,nasa
HD 183579,8.6,1.422,-1,-1,320004517,-1,mar20
GJ 720 A,36.05,1.44,-1,-1,-1,-1,nasa
Kepler-984,24.384,1.472,1854,-1,-1,-1,mcq13
TOI-1468,42.5,1.5,-1,-1,-1,-1,nasa
Kepler-1652,31.18,1.56,-1,-1,-1,-1,nasa
Kepler-909,11.589,1.561,1616,-1,-1,-1,mcq13
Kepler-1261,33.669,1.58,2497,-1,-1,-1,mcq13
Kepler-1709,16.199,1.592,92,-1,-1,-1,mcq13
TOI-421,39.6,1.6,-1,-1,-1,-1,nasa
GJ 486,130.1,1.6,-1,-1,-1,-1,nasa
K2-345,18.47,1.6,-1,-1,-1,-1,nasa
Kepler-204,16.934,1.627,661,-1,-1,-1,mcq13
Kepler-597,22.588,1.632,550,-1,-1,-1,mcq13
Kepler-1136,30.821,1.655,2193,-1,-1,-1,mcq13
WASP-114,9.96,1.73,-1,-1,-1,-1,nasa
Kepler-1179,28.694,1.749,2300,-1,-1,-1,mcq13
Qatar-6,12.75,1.75,-1,-1,-1,-1,nasa
Kepler-412,17.343,1.751,202,-1,-1,-1,mcq13
Kepler-321,21.125,1.785,1809,-1,-1,-1,mcq13
WASP-113,10.56,1.8,-1,-1,-1,-1,nasa
HD 93963 A,12.8,1.8,-1,-1,-1,-1,nasa
K2-351,25.23,1.82,-1,-1,-1,-1,nasa
Kepler-203,15.238,1.856,658,-1,-1,-1,mcq13
HIP 65 A,13.219,1.859,-1,-1,201248411,-1,mar20
Kepler-1319,44.956,1.903,2705,-1,-1,-1,mcq13
Kepler-1346,21.309,1.958,2789,-1,-1,-1,mcq13
GJ 238,44.0,2.0,-1,-1,-1,-1,nasa
L 168-9,29.0,2.0,-1,-1,-1,-1,nasa
HN Lib,96.0,2.0,-1,-1,-1,-1,nasa
HD 181234,50.8,2.0,-1,-1,-1,-1,nasa
TOI-1201,21.0,2.0,-1,-1,-1,-1,nasa
TOI-1710,22.5,2.0,-1,-1,-1,-1,nasa
WASP-182,30.0,2.0,-1,-1,-1,-1,nasa
LSPM J2116+0234,42.0,2.0,-1,-1,-1,-1,nasa
GJ 357,77.8,2.1,-1,-1,-1,-1,nasa
Kepler-1099,21.901,2.111,2104,-1,-1,-1,mcq13
Kepler-736,34.789,2.122,943,-1,-1,-1,mcq13
Kepler-100,24.988,2.192,41,-1,-1,-1,mcq13
Kepler-1310,21.922,2.192,2668,-1,-1,-1,mcq13
Kepler-200,18.937,2.194,654,-1,-1,-1,mcq13
TOI-1695,47.7,2.2,-1,-1,-1,-1,nasa
GJ 251,122.1,2.2,-1,-1,-1,-1,nasa
Kepler-1656,23.373,2.254,367,-1,-1,-1,mcq13
Kepler-1987,32.585,2.258,1358,-1,-1,-1,mcq13
Kepler-1424,22.065,2.262,3093,-1,-1,-1,mcq13
Kepler-1724,20.082,2.279,599,-1,-1,-1,mcq13
HD 25015,13.6,2.3,-1,-1,-1,-1,nasa
TOI-1052,12.8,2.3,-1,-1,-1,-1,nasa
Kepler-534,13.112,2.336,354,-1,-1,-1,mcq13
K2-95,23.9,2.4,-1,-1,-1,-1,nasa
TOI-1062,21.8,2.4,-1,-1,-1,-1,nasa
HAT-P-19,35.5,2.5,-1,-1,-1,-1,nasa
WASP-92,10.07,2.58,-1,-1,-1,-1,nasa
K2-268,24.87,2.64,-1,-1,-1,-1,nasa
HD 42813,40.0,2.7,-1,-1,-1,-1,nasa
Kepler-723,24.865,2.729,913,-1,-1,-1,mcq13
Kepler-227,24.924,2.799,752,-1,-1,-1,mcq13
TOI-2374,50.2,2.8,-1,-1,-1,-1,nasa
GJ 96,29.6,2.8,-1,-1,-1,-1,nasa
TOI-3984 A,50.0,2.8,-1,-1,-1,-1,nasa
Kepler-1752,27.747,2.865,1476,-1,-1,-1,mcq13
K2-185,17.35,2.87,-1,-1,-1,-1,nasa
HD 3167,23.52,2.87,-1,-1,-1,-1,nasa
HD 134060,23.0,2.9,-1,-1,-1,-1,nasa
K2-77,19.8,2.9,-1,-1,-1,-1,nasa
HD 31527,20.3,2.9,-1,-1,-1,-1,nasa
GJ 514,28.0,2.9,-1,-1,-1,-1,nasa
Kepler-1683,25.846,2.994,2293,-1,-1,-1,mcq13
TOI-1338 A,19.0,3.0,-1,-1,-1,-1,nasa
HD 74698,30.0,3.0,-1,-1,-1,-1,nasa
TOI-1470,29.0,3.0,-1,-1,-1,-1,nasa
HD 45184,21.5,3.0,-1,-1,-1,-1,nasa
TOI-2158,19.0,3.0,-1,-1,-1,-1,nasa
LP 714-47,33.0,3.0,-1,-1,-1,-1,nasa
GJ 3988,116.0,3.0,-1,-1,-1,-1,nasa
WASP-22,16.0,3.0,-1,-1,-1,-1,nasa
Kepler-1202,20.532,3.037,2346,-1,-1,-1,mcq13
Kepler-548,31.61,3.058,421,-1,-1,-1,mcq13
Kepler-1389,31.324,3.068,2931,-1,-1,-1,mcq13
TOI-663,30.0,3.1,-1,-1,-1,-1,nasa
HD 136352,23.8,3.1,-1,-1,-1,-1,nasa
Kepler-1111,19.244,3.149,2129,-1,-1,-1,mcq13
Kepler-1332,23.966,3.154,2743,-1,-1,-1,mcq13
Kepler-1342,25.386,3.175,2778,-1,-1,-1,mcq13
Kepler-1820,23.782,3.263,2305,-1,-1,-1,mcq13
Kepler-843,21.697,3.27,1425,-1,-1,-1,mcq13
Kepler-107,20.3,3.3,-1,-1,-1,-1,nasa
WASP-4,22.2,3.3,-1,-1,-1,-1,nasa
GJ 9827,28.16,3.38,-1,-1,-1,-1,nasa
Kepler-537,24.497,3.484,361,-1,-1,-1,mcq13
HD 130322,26.1,3.5,-1,-1,-1,-1,sim10
Kepler-247,33.838,3.5,884,-1,-1,-1,mcq13
WASP-47,31.2,3.5,-1,-1,-1,-1,nasa
Kepler-57,33.307,3.532,1270,-1,-1,-1,mcq13
Kepler-1771,22.474,3.535,1857,-1,-1,-1,mcq13
Kepler-1716,31.433,3.591,315,-1,-1,-1,mcq13
K2-332,31.71,3.6,-1,-1,-1,-1,nasa
Kepler-938,28.626,3.602,1721,-1,-1,-1,mcq13
Kepler-613,26.991,3.62,586,-1,-1,-1,mcq13
K2-141,15.17,3.63,-1,-1,-1,-1,nasa
Kepler-556,26.398,3.668,444,-1,-1,-1,mcq13
HD 238090,96.7,3.7,-1,-1,-1,-1,nasa
K2-286,23.8,3.7,-1,-1,-1,-1,nasa
TOI-1260,30.63,3.81,-1,-1,-1,-1,nasa
Kepler-1274,16.71,3.826,2545,-1,-1,-1,mcq13
Kepler-1756,32.244,3.861,1590,-1,-1,-1,mcq13
HD 134606,42.0,3.9,-1,-1,-1,-1,nasa
Kepler-1351,31.447,3.906,2798,-1,-1,-1,mcq13
Kepler-243,26.234,3.926,857,-1,-1,-1,mcq13
Kepler-529,27.584,3.939,339,-1,-1,-1,mcq13
Kepler-1892,28.728,3.98,2989,-1,-1,-1,mcq13
TOI-470,18.28,3.99,-1,-1,-1,-1,nasa
GJ 1252,64.0,4.0,-1,-1,-1,-1,nasa
HD 21693,35.2,4.0,-1,-1,-1,-1,nasa
HD 51608,40.0,4.0,-1,-1,-1,-1,nasa
HD 20003,38.9,4.0,-1,-1,-1,-1,nasa
HD 3651,40.2,4.0,-1,-1,-1,-1,sim10
Proxima Cen,90.0,4.0,-1,-1,-1,-1,nasa
Kepler-1010,34.145,4.058,1910,-1,-1,-1,mcq13
K2-140,14.6,4.1,-1,-1,-1,-1,nasa
Kepler-1242,28.943,4.107,2448,-1,-1,-1,mcq13
GJ 3473,168.3,4.2,-1,-1,-1,-1,nasa
Kepler-1214,36.373,4.218,2376,-1,-1,-1,mcq13
Kepler-1017,31.835,4.3,1923,-1,-1,-1,mcq13
Kepler-1170,31.273,4.325,2274,-1,-1,-1,mcq13
HD 20781,46.8,4.4,-1,-1,-1,-1,nasa
Kepler-327,25.09,4.406,1867,-1,-1,-1,mcq13
Kepler-808,38.284,4.447,1300,-1,-1,-1,mcq13
Kepler-1983,29.484,4.498,3061,-1,-1,-1,mcq13
TOI-1235,44.7,4.5,-1,-1,-1,-1,nasa
HD 214823,17.5,4.5,-1,-1,-1,-1,nasa
TOI-332,35.6,4.6,-1,-1,-1,-1,nasa
Kepler-99,29.546,4.762,305,-1,-1,-1,mcq13
Kepler-1855,29.362,4.77,2542,-1,-1,-1,mcq13
HD 104067,18.3,4.9,-1,-1,-1,-1,nasa
Kepler-632,37.415,4.997,640,-1,-1,-1,mcq13
TOI-674,52.0,5.0,-1,-1,-1,-1,nasa
GJ 3512,87.0,5.0,-1,-1,-1,-1,nasa
TOI-1450 A,35.0,5.0,-1,-1,-1,-1,nasa
TOI-1736,28.0,5.0,-1,-1,-1,-1,nasa
HIP 54597,45.0,5.0,-1,-1,-1,-1,nasa
LHS 1140,131.0,5.0,-1,-1,-1,-1,nasa
TOI-1199,23.0,5.0,-1,-1,-1,-1,nasa
TOI-2136,75.0,5.0,-1,-1,-1,-1,nasa
GJ 1214,124.7,5.0,-1,-1,-1,-1,nasa
TOI-2141,21.0,5.0,-1,-1,-1,-1,nasa
GJ 3779,95.0,5.0,-1,-1,-1,-1,nasa
Kepler-1874,40.358,5.038,2760,-1,-1,-1,mcq13
Kepler-828,29.832,5.058,1367,-1,-1,-1,mcq13
Kepler-489,35.208,5.097,197,-1,-1,-1,mcq13
HATS-2,22.46,5.2,-1,-1,-1,-1,nasa
L 98-59,80.9,5.3,-1,-1,-1,-1,nasa
TOI-198,45.4,5.3,-1,-1,-1,-1,nasa
Kepler-819,28.728,5.356,1329,-1,-1,-1,mcq13
Kepler-1341,44.549,5.433,2762,-1,-1,-1,mcq13
Kepler-1315,37.701,5.443,2694,-1,-1,-1,mcq13
GJ 625,77.8,5.5,-1,-1,-1,-1,nasa
HD 16175,19.7,5.5,-1,-1,-1,-1,nasa
TOI-2134,45.78,5.56,-1,-1,-1,-1,nasa
TOI-1820,25.0,6.0,-1,-1,-1,-1,nasa
TOI-4438,68.0,6.0,-1,-1,-1,-1,nasa
HD 94771,49.0,6.0,-1,-1,-1,-1,nasa
GJ 1132,122.3,6.0,-1,-1,-1,-1,nasa
G 264-012,100.0,6.0,-1,-1,-1,-1,nasa
TOI-260,31.0,6.0,-1,-1,-1,-1,nasa
Kepler-1439,32.785,6.015,3144,-1,-1,-1,mcq13
Kepler-141,30.772,6.044,338,-1,-1,-1,mcq13
HD 147379,28.8,6.1,-1,-1,-1,-1,nasa
TOI-908,21.93,6.17,-1,-1,-1,-1,nasa
Kepler-425,36.955,6.19,188,-1,-1,-1,mcq13
TOI-3071,26.6,6.4,-1,-1,-1,-1,nasa
Kepler-538,25.2,6.5,-1,-1,-1,-1,nasa
Kepler-816,34.216,6.562,1320,-1,-1,-1,mcq13
GJ 806,41.4,6.8,-1,-1,-1,-1,nasa
Kepler-1809,42.239,6.896,2219,-1,-1,-1,mcq13
HD 191806,20.6,6.9,-1,-1,-1,-1,nasa
Kepler-1039,34.921,6.985,1988,-1,-1,-1,mcq13
HD 207897,37.0,7.0,-1,-1,-1,-1,nasa
HD 158259,20.0,7.0,-1,-1,-1,-1,nasa
HD 221585,33.3,7.2,-1,-1,-1,-1,nasa
K2-180,15.7,7.5,-1,-1,-1,-1,nasa
Kepler-533,37.088,7.636,348,-1,-1,-1,mcq13
Kepler-685,30.292,7.752,801,-1,-1,-1,mcq13
HD 118203,32.0,8.0,-1,-1,-1,-1,nasa
HD 88986,25.0,8.0,-1,-1,-1,-1,nasa
Kepler-1996,44.099,8.057,1871,-1,-1,-1,mcq13
K2-155,34.8,8.2,-1,-1,-1,-1,nasa
Barnard's star,142.0,9.0,-1,-1,-1,-1,nasa
Wolf 1069,160.0,10.0,-1,-1,-1,-1,nasa
GJ 1151,140.0,10.0,-1,-1,-1,-1,nasa
EPIC 249893012,41.0,10.0,-1,-1,-1,-1,nasa
TOI-1273,42.0,11.0,-1,-1,-1,-1,nasa
GJ 3929,122.0,13.0,-1,-1,-1,-1,nasa
TOI-2641,35.6,13.1,-1,-1,-1,-1,nasa
TOI-1246,38.0,14.0,-1,-1,-1,-1,nasa
Kepler-432,77.0,14.0,-1,-1,-1,-1,nasa
TOI-286,36.0,15.0,-1,-1,-1,-1,nasa
TOI-4010,37.7,15.0,-1,-1,-1,-1,nasa
LTT 3780,104.0,15.0,-1,-1,-1,-1,nasa
GJ 1002,126.0,15.0,-1,-1,-1,-1,nasa
TOI-763,27.0,16.0,-1,-1,-1,-1,nasa
DMPP-3 A,21.8,16.5,-1,-1,-1,-1,nasa
TYC 3667-1280-1,99.0,19.0,-1,-1,-1,-1,nasa
LHS 3154,114.0,22.0,-1,-1,-1,-1,nasa
TOI-237,102.0,22.0,-1,-1,-1,-1,nasa
LHS 1678,64.0,22.0,-1,-1,-1,-1,nasa
TOI-122,72.0,22.0,-1,-1,-1,-1,nasa
TOI-1634,77.0,26.0,-1,-1,-1,-1,nasa
nu Oct A,140.0,35.0,-1,-1,-1,-1,nasa
HD 22496,30.0,38.0,-1,-1,-1,-1,nasa
HD 36384,440.0,40.0,-1,-1,-1,-1,nasa
TYC 0434-04538-1,169.0,49.0,-1,-1,-1,-1,nasa
HD 25723,190.21,73.17,-1,-1,-1,-1,nasa
HD 96992,198.0,92.0,-1,-1,-1,-1,nasa
17 Sco,329.49,92.4,-1,-1,-1,-1,nasa
TYC 3318-01333-1,198.0,126.0,-1,-1,-1,-1,nasa
HD 238914,257.0,130.0,-1,-1,-1,-1,nasa
HD 4760,1531.0,1535.0,-1,-1,-1,-1,nasa
BD+48 740,746.0,2477.0,-1,-1,-1,-1,nasa
Kepler-516,5.494,,302,-1,-1,-1,mcq13
2MASS J04372171+2651014,1.8386871732917167,,-1,-1,-1,151499478104075008,lu22
K2-324,13.231591554113386,,-1,-1,-1,3862378262961788928,lu22
FU Tau,104.33267356095944,,-1,-1,-1,149629483705467008,lu22
Teegarden's Star,96.2,,-1,-1,-1,-1,nasa
HR 810,7.9,,-1,-1,-1,-1,nasa
Qatar-3,6.31,,-1,-1,-1,-1,nasa
tau Cet,34.5,,-1,-1,-1,-1,nasa
GJ 504,3.33,,-1,-1,-1,-1,nasa
GJ 3293,41.0,,-1,-1,-1,-1,nasa
HD 215152,42.0,,-1,-1,-1,-1,nasa
Ross 128,123.0,,-1,-1,-1,-1,nasa
HD 11506,15.0,,-1,-1,-1,-1,nasa
TOI-620,8.99,,-1,-1,-1,-1,nasa
GJ 3138,42.5,,-1,-1,-1,-1,nasa
HD 5278,16.8,,-1,-1,-1,-1,nasa
HD 23127,33.0,,-1,-1,-1,-1,nasa
HD 233832,41.0,,-1,-1,-1,-1,nasa
HD 4208,25.0,,-1,-1,-1,-1,nasa
HD 181433,54.0,,-1,-1,-1,-1,nasa
HD 125612,10.5,,-1,-1,-1,-1,nasa
HD 73267,43.0,,-1,-1,-1,-1,nasa
BD-11 4672,25.0,,-1,-1,-1,-1,nasa
HD 190647,42.0,,-1,-1,-1,-1,nasa
WASP-132,33.0,,-1,-1,-1,-1,nasa
WASP-121,1.13,,-1,-1,-1,-1,nasa
HD 143361,42.0,,-1,-1,-1,-1,nasa
HATS-74 A,4.75,,-1,-1,-1,-1,nasa
Kepler-1115,0.58,,-1,-1,-1,-1,nasa
Kepler-1512,10.0,,-1,-1,-1,-1,nasa
HD 220689,29.0,,-1,-1,-1,-1,nasa
HD 66428,38.0,,-1,-1,-1,-1,nasa
HD 70642,32.0,,-1,-1,-1,-1,nasa
HD 112640,545.0,,-1,-1,-1,-1,nasa
HD 220197,19.0,,-1,-1,-1,-1,nasa
Qatar-4,6.05,,-1,-1,-1,-1,nasa
Ross 458,1.54,,-1,-1,-1,-1,nasa
HD 125595,40.1,,-1,-1,-1,-1,nasa
HD 81040,15.98,,-1,-1,-1,-1,nasa
TOI-2714,18.1,,-1,-1,-1,-1,nasa
HATS-75,35.04,,-1,-1,-1,-1,nasa
Qatar-5,12.1,,-1,-1,-1,-1,nasa
TOI-2981,18.3,,-1,-1,-1,-1,nasa
LTT 9779,45.0,,-1,-1,-1,-1,nasa
HD 48265,45.0,,-1,-1,-1,-1,nasa
GJ 463,14.0,,-1,-1,-1,-1,nasa
TOI-2447,13.0,,-1,-1,-1,-1,nasa
GJ 273,99.0,,-1,-1,-1,-1,nasa
TOI-4914,25.7,,-1,-1,-1,-1,nasa
USco1621 A,2.06,,-1,-1,-1,-1,nasa
Gliese 12,85.0,,-1,-1,-1,-1,nasa
HD 27894,44.0,,-1,-1,-1,-1,nasa
HD 30177,45.0,,-1,-1,-1,-1,nasa
HD 60292,400.0,,-1,-1,-1,-1,nasa
HD 141937,13.25,,-1,-1,-1,-1,nasa
GJ 3323,33.0,,-1,-1,-1,-1,nasa
Wolf 1061,95.0,,-1,-1,-1,-1,nasa
HD 117207,39.0,,-1,-1,-1,-1,nasa
HD 17156,12.8,,-1,-1,-1,-1,nasa
HD 112300,4200.0,,-1,-1,-1,-1,nasa
TOI-540,0.73,,-1,-1,-1,-1,nasa
TOI-904,17.1,,-1,-1,-1,-1,nasa
LHS 475,79.32,,-1,-1,-1,-1,nasa
HATS-76,15.16,,-1,-1,-1,-1,nasa
HD 73256,13.97,,-1,-1,-1,-1,nasa
GJ 86,30.0,,-1,-1,-1,-1,nasa
HD 115404 A,19.0,,-1,-1,-1,-1,nasa
HD 152079,31.0,,-1,-1,-1,-1,nasa
YSES 2,2.73,,-1,-1,-1,-1,nasa
HD 141004,18.0,,-1,-1,-1,-1,nasa
HS Psc,1.09,,-1,-1,-1,-1,nasa
GJ 160.2,43.6,,-1,-1,-1,-1,nasa
GJ 1265,70.0,,-1,-1,-1,-1,nasa
TIC 257060897,92.0,,-1,-1,-1,-1,nasa
TOI-1416,17.6,,-1,-1,-1,-1,nasa
HD 34445,22.0,,-1,-1,-1,-1,nasa
TOI-1789,15.7,,-1,-1,-1,-1,nasa
GJ 900 A,11.9,,-1,-1,-1,-1,nasa
HD 83443,35.3,,-1,-1,-1,-1,nasa
HD 231701,12.2,,-1,-1,-1,-1,nasa
HD 25171,22.0,,-1,-1,-1,-1,nasa
HD 216437,30.0,,-1,-1,-1,-1,nasa
HD 47366,86.0,,-1,-1,-1,-1,nasa
tau Boo,4.0,,-1,-1,-1,-1,nasa
HD 6860,7900.0,,-1,-1,-1,-1,nasa
HD 38801,47.0,,-1,-1,-1,-1,nasa
HD 147513,8.5,,-1,-1,-1,-1,nasa
HD 114729,34.0,,-1,-1,-1,-1,nasa
HD 170469,13.0,,-1,-1,-1,-1,nasa
HD 45364,32.0,,-1,-1,-1,-1,nasa
TAP 26,0.71,,-1,-1,-1,-1,nasa
HD 63765,23.0,,-1,-1,-1,-1,nasa
51 Peg,30.0,,-1,-1,-1,-1,nasa
ups And,12.0,,-1,-1,-1,-1,nasa
HD 27631,31.0,,-1,-1,-1,-1,nasa
HD 187085,21.0,,-1,-1,-1,-1,nasa
HD 158996,627.0,,-1,-1,-1,-1,nasa
USco1556 A,4.67,,-1,-1,-1,-1,nasa
HD 126525,40.0,,-1,-1,-1,-1,nasa
CD Cet,126.2,,-1,-1,-1,-1,nasa
V830 Tau,2.74,,-1,-1,-1,-1,nasa
