TIC_ID,Prot,eProt,Flare_star,Variability_Classification,Data_Release,
2758565,3.577,0.313,no,Unambiguous_Rotation,04/01/22,
4070275,5.092,0.272,no,Unambiguous_Rotation,04/01/22,
7439481,1.374,0.039,no,Unambiguous_Rotation,04/01/22,
11111899,3.707,0.313,no,Unambiguous_Rotation,04/01/22,
20182165,2.049,0.055,no,Unambiguous_Rotation,04/01/22,
20897611,3.621,0.34,no,Unambiguous_Rotation,04/01/22,
21755546,2.406,0.055,no,Unambiguous_Rotation,04/01/22,
25139786,5.285,0.723,no,Unambiguous_Rotation,04/01/22,
27194429,1.845,0.095,no,Unambiguous_Rotation,04/01/22,
29918916,5.685,0.746,no,Unambiguous_Rotation,04/01/22,
33091633,2.123,0.098,no,Unambiguous_Rotation,04/01/22,
33690636,4.434,0.406,no,Unambiguous_Rotation,04/01/22,
35582553,2.118,0.092,yes,Unambiguous_Rotation,04/01/22,
42015200,10.941,1.387,yes,Unambiguous_Rotation,04/01/22,
42755801,3.841,0.304,no,Unambiguous_Rotation,04/01/22,
82707763,4.447,0.506,no,Unambiguous_Rotation,04/01/22,
92013169,2.374,0.117,no,Unambiguous_Rotation,04/01/22,
97158538,2.510,0.066,no,Unambiguous_Rotation,04/01/22,
100097716,3.040,0.108,no,Unambiguous_Rotation,04/01/22,
100757807,3.081,0.099,no,Unambiguous_Rotation,04/01/22,
102283403,2.430,0.122,no,Unambiguous_Rotation,04/01/22,
105840719,5.579,0.65,no,Unambiguous_Rotation,04/01/22,
108835813,2.063,0.092,no,Unambiguous_Rotation,04/01/22,
115242351,5.677,0.784,no,Unambiguous_Rotation,04/01/22,
115623434,7.715,0.408,no,Unambiguous_Rotation,04/01/22,
128449971,2.281,0.107,no,Unambiguous_Rotation,04/01/22,
134404603,4.706,0.469,yes,Unambiguous_Rotation,04/01/22,
142019343,5.580,0.03,no,Unambiguous_Rotation,04/01/22,
143994283,5.714,0.698,no,Unambiguous_Rotation,04/01/22,
146520535,3.304,0.225,yes,Unambiguous_Rotation,04/01/22,
154459165,5.355,0.611,no,Unambiguous_Rotation,04/01/22,
154927364,6.396,0.388,no,Unambiguous_Rotation,04/01/22,
159873822,3.821,0.109,no,Unambiguous_Rotation,04/01/22,
160328683,2.535,0.069,yes,Unambiguous_Rotation,04/01/22,
170889511,5.163,0.708,no,Unambiguous_Rotation,04/01/22,
176772671,1.451,0.058,no,Unambiguous_Rotation,04/01/22,
178367144,4.594,0.474,no,Unambiguous_Rotation,04/01/22,
180991313,2.774,0.19,no,Unambiguous_Rotation,04/01/22,
198187049,10.169,0.234,no,Unambiguous_Rotation,04/01/22,
198610218,2.631,0.13,yes,Unambiguous_Rotation,04/01/22,
202426247,4.287,0.068,no,Unambiguous_Rotation,04/01/22,
207277638,2.883,0.172,no,Unambiguous_Rotation,04/01/22,
219508169,8.703,0.781,no,Unambiguous_Rotation,04/01/22,
219821826,5.862,0.241,no,Unambiguous_Rotation,04/01/22,
230075227,10.512,0.205,no,Unambiguous_Rotation,04/01/22,
231630147,7.932,1.354,no,Unambiguous_Rotation,04/01/22,
232568235,8.085,0.465,no,Unambiguous_Rotation,04/01/22,
236815160,2.792,0.081,no,Unambiguous_Rotation,04/01/22,
237924601,0.974,0.008,no,Unambiguous_Rotation,04/01/22,
238164799,2.499,0.03,no,Unambiguous_Rotation,04/01/22,
242120884,1.398,0.039,no,Unambiguous_Rotation,04/01/22,
242536549,2.543,0.128,no,Unambiguous_Rotation,04/01/22,
248434716,1.422,0.043,yes,Unambiguous_Rotation,04/01/22,
248434780,3.705,0.289,no,Unambiguous_Rotation,04/01/22,
253434221,3.636,0.258,no,Unambiguous_Rotation,04/01/22,
259353953,2.840,0.174,no,Unambiguous_Rotation,04/01/22,
265077027,4.328,0.412,no,Unambiguous_Rotation,04/01/22,
268301217,6.463,0.942,no,Unambiguous_Rotation,04/01/22,
277871306,3.701,0.36,no,Unambiguous_Rotation,04/01/22,
284450803,3.289,0.106,no,Unambiguous_Rotation,04/01/22,
289988797,4.322,0.427,no,Unambiguous_Rotation,04/01/22,
291555748,4.899,0.252,no,Unambiguous_Rotation,04/01/22,
294179385,3.553,0.261,no,Unambiguous_Rotation,04/01/22,
294500964,5.561,0.661,no,Unambiguous_Rotation,04/01/22,
295562522,5.111,0.57,no,Unambiguous_Rotation,04/01/22,
299023386,1.784,0.083,no,Unambiguous_Rotation,04/01/22,
301160638,8.058,1.241,no,Unambiguous_Rotation,04/01/22,
302518439,3.800,0.297,no,Unambiguous_Rotation,04/01/22,
305767364,1.610,0.051,no,Unambiguous_Rotation,04/01/22,
309254930,1.265,0.041,no,Unambiguous_Rotation,04/01/22,
312083267,3.806,0.285,no,Unambiguous_Rotation,04/01/22,
324395151,2.753,0.167,no,Unambiguous_Rotation,04/01/22,
325468685,1.964,0.092,no,Unambiguous_Rotation,04/01/22,
326919774,1.312,nan,no,Unambiguous_Rotation,04/01/22,
349088467,5.068,0.596,no,Unambiguous_Rotation,04/01/22,
351603103,5.572,0.767,no,Unambiguous_Rotation,04/01/22,
352229268,5.031,0.466,no,Unambiguous_Rotation,04/01/22,
354519019,5.279,0.148,no,Unambiguous_Rotation,04/01/22,
360630575,4.900,0.467,no,Unambiguous_Rotation,04/01/22,
370745311,4.812,0.524,no,Unambiguous_Rotation,04/01/22,
375225453,3.202,0.241,no,Unambiguous_Rotation,04/01/22,
406855039,3.817,0.138,no,Unambiguous_Rotation,04/01/22,
426077080,2.743,0.14,no,Unambiguous_Rotation,04/01/22,
434260570,1.269,0.034,yes,Unambiguous_Rotation,04/01/22,
435680451,11.356,1.557,no,Unambiguous_Rotation,04/01/22,
441420236,4.694,0.228,yes,Unambiguous_Rotation,04/01/22,
453464017,2.013,0.092,no,Unambiguous_Rotation,04/01/22,
457939414,1.834,0.078,no,Unambiguous_Rotation,04/01/22,
459837008,0.670,0.002,yes,Unambiguous_Rotation,04/01/22,
459850897,3.018,0.19,no,Unambiguous_Rotation,04/01/22,
464296022,1.547,0.053,no,Unambiguous_Rotation,04/01/22,
464646604,2.183,0.102,no,Unambiguous_Rotation,04/01/22,
1003831,nan,nan,no,Ambiguous_Variability,10/09/20,
1103432,nan,nan,no,Ambiguous_Variability,10/09/20,
1129033,5.00/10.00,nan,no,Dubious_Rotation,10/09/20,
1133072,nan,nan,no,Noisy_LCs,10/09/20,
1449640,nan,nan,no,Noisy_LCs,10/09/20,
1528696,5.15/8.97,nan,no,Dubious_Rotation,10/09/20,
2760710,1.251,0.033,no,Unambiguous_Rotation,10/09/20,
4616072,nan,nan,no,Noisy_LCs,10/09/20,
4646810,nan,nan,no,Ambiguous_Variability,10/09/20,
4897275,nan,nan,no,Noisy_LCs,10/09/20,
5868998,nan,nan,no,Noisy_LCs,10/09/20,
6663331,nan,nan,no,Noisy_LCs,10/09/20,
7088246,nan,nan,no,Noisy_LCs,10/09/20,
7624182,1.624,0.029,no,Unambiguous_Rotation,10/09/20,
8400842,nan,nan,no,Noisy_LCs,10/09/20,
8767448,nan,nan,no,Noisy_LCs,10/09/20,
9006668,7.05/9.96,nan,no,Dubious_Rotation,10/09/20,
9033144,4.201,0.368,no,Unambiguous_Rotation,10/09/20,
9348006,5.329,0.592,no,Unambiguous_Rotation,10/09/20,
9725627,nan,nan,no,Noisy_LCs,10/09/20,
9727392,nan,nan,no,Binary,10/09/20,
9804616,nan,nan,no,Ambiguous_Variability,10/09/20,
9858404,nan,nan,no,Noisy_LCs,10/09/20,
11561667,nan,nan,no,Noisy_LCs,10/09/20,
12421862,nan,nan,no,Noisy_LCs,10/09/20,
12423815,nan,nan,no,Noisy_LCs,10/09/20,
12862099,nan,nan,no,Ambiguous_Variability,10/09/20,
13021029,nan,nan,no,Noisy_LCs,10/09/20,
13349647,nan,nan,no,Noisy_LCs,10/09/20,
13499636,5.595,0.921,no,Unambiguous_Rotation,10/09/20,
13684720,nan,nan,yes,Ambiguous_Variability,10/09/20,
14091633,1.363,0.022,no,Unambiguous_Rotation,10/09/20,
14091704,nan,nan,no,Noisy_LCs,10/09/20,
14165625,8.835,0.908,no,Unambiguous_Rotation,10/09/20,
14336130,nan,nan,no,Noisy_LCs,10/09/20,
14614418,nan,nan,no,Noisy_LCs,10/09/20,
14661418,nan,nan,no,Noisy_LCs,10/09/20,
15445551,nan,nan,no,Ambiguous_Variability,10/09/20,
15863518,nan,nan,no,Noisy_LCs,10/09/20,
16288184,nan,nan,no,Ambiguous_Variability,10/09/20,
16740101,nan,nan,no,Ambiguous_Variability,10/09/20,
16920150,nan,nan,no,Noisy_LCs,10/09/20,
17005768,nan,nan,no,Ambiguous_Variability,10/09/20,
17746821,nan,nan,no,Noisy_LCs,10/09/20,
19025965,nan,nan,no,Ambiguous_Variability,10/09/20,
19451711,nan,nan,no,Noisy_LCs,10/09/20,
19519368,nan,nan,no,Noisy_LCs,10/09/20,
20178111,4.928,0.675,no,Unambiguous_Rotation,10/09/20,
21535395,nan,nan,no,Noisy_LCs,10/09/20,
22221375,nan,nan,no,Ambiguous_Variability,10/09/20,
22529346,nan,nan,no,Ambiguous_Variability,10/09/20,
22843856,3.518,0.326,no,Unambiguous_Rotation,10/09/20,
23434737,nan,nan,no,Noisy_LCs,10/09/20,
25155310,nan,nan,no,Noisy_LCs,10/09/20,
25375553,nan,nan,no,Ambiguous_Variability,10/09/20,
27649847,nan,nan,no,Noisy_LCs,10/09/20,
28230919,10.189,1.104,no,Unambiguous_Rotation,10/09/20,
28900646,nan,nan,no,Noisy_LCs,10/09/20,
29054413,nan,nan,no,Noisy_LCs,10/09/20,
29191596,9.074,1.583,no,Unambiguous_Rotation,10/09/20,
29191624,nan,nan,no,Ambiguous_Variability,10/09/20,
29344935,nan,nan,no,Noisy_LCs,10/09/20,
29781292,nan,nan,no,Noisy_LCs,10/09/20,
29831208,nan,nan,no,Noisy_LCs,10/09/20,
29960109,nan,nan,no,Noisy_LCs,10/09/20,
29960110,nan,nan,no,Noisy_LCs,10/09/20,
30037565,nan,nan,no,Noisy_LCs,10/09/20,
30122649,nan,nan,no,Noisy_LCs,10/09/20,
30312676,nan,nan,no,Ambiguous_Variability,10/09/20,
30828562,nan,nan,no,Ambiguous_Variability,10/09/20,
30853470,nan,nan,no,Noisy_LCs,10/09/20,
31374837,nan,nan,no,Ambiguous_Variability,10/09/20,
31553893,nan,nan,no,Ambiguous_Variability,10/09/20,
31852980,nan,nan,no,Ambiguous_Variability,10/09/20,
31858843,nan,nan,no,Ambiguous_Variability,10/09/20,
31858844,nan,nan,no,Ambiguous_Variability,10/09/20,
32090583,nan,nan,yes,Ambiguous_Variability,10/09/20,
32497972,nan,nan,no,Noisy_LCs,10/09/20,
32499655,nan,nan,no,Noisy_LCs,10/09/20,
32830028,nan,nan,yes,Ambiguous_Variability,10/09/20,
33153766,2.863,0.186,no,Unambiguous_Rotation,10/09/20,
33521996,nan,nan,no,Noisy_LCs,10/09/20,
33692729,nan,nan,no,Noisy_LCs,10/09/20,
33831980,nan,nan,no,Noisy_LCs,10/09/20,
33878688,nan,nan,no,Noisy_LCs,10/09/20,
34068865,nan,nan,no,Ambiguous_Variability,10/09/20,
35009898,nan,nan,no,Noisy_LCs,10/09/20,
35516889,6.18/9.37,nan,no,Dubious_Rotation,10/09/20,
35857242,nan,nan,no,Noisy_LCs,10/09/20,
36352297,nan,nan,no,Noisy_LCs,10/09/20,
36440357,nan,nan,no,Noisy_LCs,10/09/20,
36724087,nan,nan,no,Noisy_LCs,10/09/20,
36734222,7.400,nan,no,Dubious_Rotation,10/09/20,
37168957,5.248,0.765,no,Unambiguous_Rotation,10/09/20,
37575651,nan,nan,no,Noisy_LCs,10/09/20,
37749396,nan,nan,no,Ambiguous_Variability,10/09/20,
37770169,nan,nan,no,Noisy_LCs,10/09/20,
38460940,nan,nan,no,Noisy_LCs,10/09/20,
38509907,nan,nan,no,Noisy_LCs,10/09/20,
38510224,nan,nan,no,Noisy_LCs,10/09/20,
38541473,3.009,0.216,no,Unambiguous_Rotation,10/09/20,
38571020,nan,nan,no,Noisy_LCs,10/09/20,
38603673,4.363,0.062,no,Unambiguous_Rotation,10/09/20,
38686737,nan,nan,no,Noisy_LCs,10/09/20,
38696105,nan,nan,no,Noisy_LCs,10/09/20,
38846515,nan,nan,no,Noisy_LCs,10/09/20,
39699648,nan,nan,no,Noisy_LCs,10/09/20,
41227743,nan,nan,no,Noisy_LCs,10/09/20,
42054565,nan,nan,no,Noisy_LCs,10/09/20,
42821097,nan,nan,no,Noisy_LCs,10/09/20,
43064903,nan,nan,no,Noisy_LCs,10/09/20,
43647325,nan,nan,no,Noisy_LCs,10/09/20,
44631965,nan,nan,no,Ambiguous_Variability,10/09/20,
44647437,nan,nan,no,Noisy_LCs,10/09/20,
44737596,nan,nan,no,Noisy_LCs,10/09/20,
44745077,nan,nan,no,Noisy_LCs,10/09/20,
44797824,1.414,0.022,no,Unambiguous_Rotation,10/09/20,
46096489,nan,nan,no,Noisy_LCs,10/09/20,
47316976,nan,nan,no,Noisy_LCs,10/09/20,
47384844,3.610,0.31,yes,Unambiguous_Rotation,10/09/20,
47484268,nan,nan,no,Noisy_LCs,10/09/20,
47525799,nan,nan,no,Noisy_LCs,10/09/20,
47911178,nan,nan,no,Ambiguous_Variability,10/09/20,
48103627,nan,nan,no,Noisy_LCs,10/09/20,
48476907,nan,nan,no,Ambiguous_Variability,10/09/20,
48476908,nan,nan,no,Ambiguous_Variability,10/09/20,
49687222,nan,nan,no,Noisy_LCs,10/09/20,
49771092,nan,nan,no,Noisy_LCs,10/09/20,
49899799,nan,nan,no,Ambiguous_Variability,10/09/20,
50309953,nan,nan,no,Noisy_LCs,10/09/20,
50312495,nan,nan,no,Noisy_LCs,10/09/20,
50618703,nan,nan,no,Ambiguous_Variability,10/09/20,
51024887,nan,nan,no,Noisy_LCs,10/09/20,
51234631,nan,nan,no,Noisy_LCs,10/09/20,
51912829,nan,nan,no,Noisy_LCs,10/09/20,
52204645,nan,nan,no,Noisy_LCs,10/09/20,
52280468,nan,nan,no,Noisy_LCs,10/09/20,
52368076,nan,nan,no,Noisy_LCs,10/09/20,
52640302,nan,nan,no,Noisy_LCs,10/09/20,
53189332,nan,nan,no,Noisy_LCs,10/09/20,
53593457,nan,nan,no,Noisy_LCs,10/09/20,
53735810,nan,nan,no,Noisy_LCs,10/09/20,
54085154,nan,nan,no,Noisy_LCs,10/09/20,
54962195,nan,nan,no,Noisy_LCs,10/09/20,
55092869,nan,nan,no,Noisy_LCs,10/09/20,
55383975,nan,nan,no,Noisy_LCs,10/09/20,
55452495,nan,nan,no,Noisy_LCs,10/09/20,
55488511,nan,nan,no,Noisy_LCs,10/09/20,
55525572,nan,nan,no,Noisy_LCs,10/09/20,
55559618,nan,nan,no,Noisy_LCs,10/09/20,
55650590,nan,nan,no,Noisy_LCs,10/09/20,
55652896,nan,nan,no,Noisy_LCs,10/09/20,
58542531,nan,nan,no,Ambiguous_Variability,10/09/20,
59003115,nan,nan,no,Noisy_LCs,10/09/20,
59843967,nan,nan,no,Noisy_LCs,10/09/20,
61538902,nan,nan,no,Noisy_LCs,10/09/20,
61988212,nan,nan,no,Noisy_LCs,10/09/20,
62483237,6.83/11.09,nan,no,Dubious_Rotation,10/09/20,
63898957,nan,nan,no,Noisy_LCs,10/09/20,
64071894,nan,nan,no,Ambiguous_Variability,10/09/20,
66818296,nan,nan,no,Noisy_LCs,10/09/20,
67418624,nan,nan,no,Noisy_LCs,10/09/20,
67646988,1.105,0.027,yes,Unambiguous_Rotation,10/09/20,
67666096,nan,nan,no,Ambiguous_Variability,10/09/20,
69679391,nan,nan,no,Noisy_LCs,10/09/20,
69747919,nan,nan,no,Noisy_LCs,10/09/20,
70440470,nan,nan,no,Noisy_LCs,10/09/20,
70513361,nan,nan,no,Noisy_LCs,10/09/20,
70797900,2.037,0.086,yes,Unambiguous_Rotation,10/09/20,
70899085,nan,nan,no,Noisy_LCs,10/09/20,
70914192,nan,nan,no,Noisy_LCs,10/09/20,
71431780,nan,nan,no,Noisy_LCs,10/09/20,
71512186,nan,nan,no,Noisy_LCs,10/09/20,
72985822,nan,nan,no,Noisy_LCs,10/09/20,
73228647,nan,nan,no,Noisy_LCs,10/09/20,
73649615,nan,nan,no,Noisy_LCs,10/09/20,
73717937,nan,nan,no,Noisy_LCs,10/09/20,
73723286,nan,nan,no,Ambiguous_Variability,10/09/20,
74534430,nan,nan,no,Noisy_LCs,10/09/20,
76923707,nan,nan,no,Ambiguous_Variability,10/09/20,
76989773,nan,nan,no,Ambiguous_Variability,10/09/20,
77031414,7.765,1.37,no,Unambiguous_Rotation,10/09/20,
77044471,11.280,nan,no,Dubious_Rotation,10/09/20,
77156829,nan,nan,no,Noisy_LCs,10/09/20,
77228304,nan,nan,no,Noisy_LCs,10/09/20,
77253676,nan,nan,no,Noisy_LCs,10/09/20,
77951245,5.388,0.338,yes,Unambiguous_Rotation,10/09/20,
78055054,nan,nan,no,Noisy_LCs,10/09/20,
78154865,4.634,0.596,no,Unambiguous_Rotation,10/09/20,
79748331,nan,nan,no,Ambiguous_Variability,10/09/20,
81212286,nan,nan,no,Noisy_LCs,10/09/20,
82128636,3.329,0.142,no,Unambiguous_Rotation,10/09/20,
82362447,nan,nan,no,Noisy_LCs,10/09/20,
83092282,nan,nan,no,Noisy_LCs,10/09/20,
85031598,nan,nan,no,Noisy_LCs,10/09/20,
85242435,nan,nan,no,Ambiguous_Variability,10/09/20,
85293053,nan,nan,no,Ambiguous_Variability,10/09/20,
86396382,nan,nan,no,Noisy_LCs,10/09/20,
88977253,nan,nan,no,Noisy_LCs,10/09/20,
89020549,nan,nan,no,Noisy_LCs,10/09/20,
89256802,nan,nan,yes,Ambiguous_Variability,10/09/20,
90504905,nan,nan,no,Noisy_LCs,10/09/20,
92226327,nan,nan,no,Noisy_LCs,10/09/20,
92352620,nan,nan,no,Noisy_LCs,10/09/20,
92359850,3.042,0.231,no,Unambiguous_Rotation,10/09/20,
93125144,1.427,0.051,yes,Unambiguous_Rotation,10/09/20,
94986319,nan,nan,no,Noisy_LCs,10/09/20,
96097215,nan,nan,no,Ambiguous_Variability,10/09/20,
97409519,nan,nan,no,Noisy_LCs,10/09/20,
98796344,1.393,0.046,yes,Unambiguous_Rotation,10/09/20,
99834717,nan,nan,no,Noisy_LCs,10/09/20,
100100827,nan,nan,no,Binary,10/09/20,
100608026,nan,nan,no,Noisy_LCs,10/09/20,
100990000,nan,nan,no,Noisy_LCs,10/09/20,
101011575,7.170,nan,no,Dubious_Rotation,10/09/20,
101230735,nan,nan,no,Ambiguous_Variability,10/09/20,
101395259,nan,nan,no,Noisy_LCs,10/09/20,
101497191,nan,nan,no,Noisy_LCs,10/09/20,
101948569,8.810,nan,no,Dubious_Rotation,10/09/20,
101955023,nan,nan,no,Noisy_LCs,10/09/20,
102195674,4.908,0.574,no,Unambiguous_Rotation,10/09/20,
102672709,nan,nan,no,Noisy_LCs,10/09/20,
103448870,3.103,0.219,no,Unambiguous_Rotation,10/09/20,
103633434,nan,nan,no,Noisy_LCs,10/09/20,
104024556,1.073,0.029,no,Unambiguous_Rotation,10/09/20,
106402532,nan,nan,no,Noisy_LCs,10/09/20,
108645766,nan,nan,no,Noisy_LCs,10/09/20,
110428269,nan,nan,no,Noisy_LCs,10/09/20,
111991770,nan,nan,no,Noisy_LCs,10/09/20,
112395568,10.780,nan,no,Dubious_Rotation,10/09/20,
115771549,nan,nan,no,Noisy_LCs,10/09/20,
116483514,nan,nan,no,Noisy_LCs,10/09/20,
116483734,nan,nan,no,Noisy_LCs,10/09/20,
117979455,nan,nan,no,Noisy_LCs,10/09/20,
117979694,8.521,1.513,no,Unambiguous_Rotation,10/09/20,
117979850,nan,nan,no,Noisy_LCs,10/09/20,
117979897,nan,nan,no,Noisy_LCs,10/09/20,
118327550,nan,nan,no,Noisy_LCs,10/09/20,
119081096,nan,nan,no,Noisy_LCs,10/09/20,
119292328,nan,nan,no,Noisy_LCs,10/09/20,
119700084,nan,nan,no,Noisy_LCs,10/09/20,
120247528,nan,nan,no,Noisy_LCs,10/09/20,
120585579,nan,nan,no,Noisy_LCs,10/09/20,
120602501,nan,nan,no,Noisy_LCs,10/09/20,
120610833,nan,nan,no,Noisy_LCs,10/09/20,
120757718,nan,nan,no,Noisy_LCs,10/09/20,
120896927,nan,nan,no,Noisy_LCs,10/09/20,
120916706,nan,nan,no,Noisy_LCs,10/09/20,
120960812,nan,nan,no,Noisy_LCs,10/09/20,
121338379,nan,nan,no,Noisy_LCs,10/09/20,
121966220,nan,nan,no,Noisy_LCs,10/09/20,
122220263,nan,nan,no,Noisy_LCs,10/09/20,
122612091,nan,nan,no,Ambiguous_Variability,10/09/20,
122613513,nan,nan,no,Noisy_LCs,10/09/20,
123482865,4.330,0.24,no,Unambiguous_Rotation,10/09/20,
123702439,nan,nan,no,Noisy_LCs,10/09/20,
124573851,nan,nan,no,Noisy_LCs,10/09/20,
125405602,nan,nan,no,Noisy_LCs,10/09/20,
125442121,nan,nan,no,Ambiguous_Variability,10/09/20,
126733133,nan,nan,no,Noisy_LCs,10/09/20,
127530399,nan,nan,no,Noisy_LCs,10/09/20,
128790976,1.361,0.04,no,Unambiguous_Rotation,10/09/20,
129979528,nan,nan,no,Pulsation,10/09/20,
130181866,6.508,0.921,no,Unambiguous_Rotation,10/09/20,
130924120,nan,nan,no,Noisy_LCs,10/09/20,
131081852,7.140,nan,no,Dubious_Rotation,10/09/20,
131419878,nan,nan,no,Noisy_LCs,10/09/20,
133334108,4.906,0.301,no,Unambiguous_Rotation,10/09/20,
134200185,nan,nan,no,Noisy_LCs,10/09/20,
134537478,nan,nan,no,Noisy_LCs,10/09/20,
137881699,nan,nan,no,Noisy_LCs,10/09/20,
137906197,nan,nan,no,Noisy_LCs,10/09/20,
138017750,2.623,0.181,no,Unambiguous_Rotation,10/09/20,
138168780,nan,nan,no,Noisy_LCs,10/09/20,
138588540,9.236,0.87,no,Unambiguous_Rotation,10/09/20,
138968089,nan,nan,no,Noisy_LCs,10/09/20,
139528693,nan,nan,no,Noisy_LCs,10/09/20,
139733308,nan,nan,no,Noisy_LCs,10/09/20,
140068425,1.064,0.024,no,Unambiguous_Rotation,10/09/20,
140691463,nan,nan,no,Noisy_LCs,10/09/20,
140760434,nan,nan,no,Noisy_LCs,10/09/20,
140830390,nan,nan,no,Ambiguous_Variability,10/09/20,
141527579,nan,nan,no,Noisy_LCs,10/09/20,
141527965,nan,nan,no,Noisy_LCs,10/09/20,
141608198,nan,nan,no,Noisy_LCs,10/09/20,
141768070,nan,nan,no,Noisy_LCs,10/09/20,
142090065,2.376,0.123,no,Unambiguous_Rotation,10/09/20,
142276270,8.189,0.699,no,Unambiguous_Rotation,10/09/20,
142394656,6.21/9.42,nan,no,Dubious_Rotation,10/09/20,
143271144,nan,nan,no,Noisy_LCs,10/09/20,
143350972,nan,nan,no,Noisy_LCs,10/09/20,
143526444,nan,nan,no,Noisy_LCs,10/09/20,
144065872,nan,nan,no,Ambiguous_Variability,10/09/20,
144138509,nan,nan,no,Noisy_LCs,10/09/20,
144401492,4.540,0.448,no,Unambiguous_Rotation,10/09/20,
144440290,nan,nan,no,Noisy_LCs,10/09/20,
144700903,nan,nan,no,Noisy_LCs,10/09/20,
146463781,nan,nan,no,Noisy_LCs,10/09/20,
146846569,nan,nan,no,Noisy_LCs,10/09/20,
147660201,nan,nan,no,Ambiguous_Variability,10/09/20,
147950620,nan,nan,no,Noisy_LCs,10/09/20,
148228019,nan,nan,no,Ambiguous_Variability,10/09/20,
148479278,nan,nan,no,Noisy_LCs,10/09/20,
148782377,nan,nan,no,Ambiguous_Variability,10/09/20,
148914726,7.391,0.594,no,Unambiguous_Rotation,10/09/20,
149010208,nan,nan,no,Binary,10/09/20,
149301575,nan,nan,no,Noisy_LCs,10/09/20,
149302744,nan,nan,no,Noisy_LCs,10/09/20,
149603524,nan,nan,no,Ambiguous_Variability,10/09/20,
149788158,nan,nan,no,Noisy_LCs,10/09/20,
149833117,nan,nan,no,Pulsation,10/09/20,
149990841,nan,nan,no,Noisy_LCs,10/09/20,
150030205,nan,nan,no,Noisy_LCs,10/09/20,
150098860,nan,nan,no,Noisy_LCs,10/09/20,
150151262,6.07/11.33,nan,no,Dubious_Rotation,10/09/20,
150247134,nan,nan,no,Noisy_LCs,10/09/20,
150271680,nan,nan,no,Noisy_LCs,10/09/20,
150428135,nan,nan,no,Noisy_LCs,10/09/20,
150428703,4.52/7.34,nan,no,Dubious_Rotation,10/09/20,
151681127,nan,nan,no,Noisy_LCs,10/09/20,
151825527,nan,nan,no,Ambiguous_Variability,10/09/20,
151959065,nan,nan,no,Noisy_LCs,10/09/20,
152147232,nan,nan,no,Noisy_LCs,10/09/20,
152476657,nan,nan,no,Noisy_LCs,10/09/20,
153065527,nan,nan,no,Noisy_LCs,10/09/20,
153077621,nan,nan,no,Ambiguous_Variability,10/09/20,
153949511,8.095,0.683,no,Unambiguous_Rotation,10/09/20,
153951307,nan,nan,no,Noisy_LCs,10/09/20,
153976959,nan,nan,no,Noisy_LCs,10/09/20,
154089169,nan,nan,no,Noisy_LCs,10/09/20,
154383539,nan,nan,no,Noisy_LCs,10/09/20,
154618248,7.599,1.203,no,Unambiguous_Rotation,10/09/20,
154716798,6.467,0.871,no,Unambiguous_Rotation,10/09/20,
154840461,5.329,0.302,no,Unambiguous_Rotation,10/09/20,
154872375,5.081,0.281,no,Unambiguous_Rotation,10/09/20,
155114483,nan,nan,no,Noisy_LCs,10/09/20,
156987351,nan,nan,no,Pulsation,10/09/20,
156991337,3.607,0.155,no,Unambiguous_Rotation,10/09/20,
158002130,nan,nan,no,Noisy_LCs,10/09/20,
158025009,nan,nan,no,Noisy_LCs,10/09/20,
158170594,nan,nan,no,Noisy_LCs,10/09/20,
158297421,nan,nan,no,Ambiguous_Variability,10/09/20,
158324245,nan,nan,no,Noisy_LCs,10/09/20,
158561566,nan,nan,no,Noisy_LCs,10/09/20,
158588995,nan,nan,no,Noisy_LCs,10/09/20,
158623531,nan,nan,no,Noisy_LCs,10/09/20,
158978373,nan,nan,no,Noisy_LCs,10/09/20,
159107668,nan,nan,no,Noisy_LCs,10/09/20,
159418353,nan,nan,no,Ambiguous_Variability,10/09/20,
159510109,10.045,0.587,no,Unambiguous_Rotation,10/09/20,
159951311,nan,nan,no,Noisy_LCs,10/09/20,
160045097,6.071,0.709,no,Unambiguous_Rotation,10/09/20,
160074939,2.323,0.108,no,Unambiguous_Rotation,10/09/20,
160148385,nan,nan,no,Noisy_LCs,10/09/20,
161032923,nan,nan,no,Noisy_LCs,10/09/20,
161477033,nan,nan,no,Noisy_LCs,10/09/20,
162362398,nan,nan,no,Noisy_LCs,10/09/20,
163539739,nan,nan,no,Noisy_LCs,10/09/20,
164173105,nan,nan,no,Pulsation,10/09/20,
164767175,nan,nan,no,Noisy_LCs,10/09/20,
165317334,nan,nan,no,Noisy_LCs,10/09/20,
165551882,nan,nan,no,Noisy_LCs,10/09/20,
166739520,nan,nan,no,Noisy_LCs,10/09/20,
166833457,nan,nan,no,Noisy_LCs,10/09/20,
166836920,nan,nan,no,Noisy_LCs,10/09/20,
167303382,nan,nan,no,Noisy_LCs,10/09/20,
167342439,nan,nan,no,Noisy_LCs,10/09/20,
167415965,nan,nan,no,Ambiguous_Variability,10/09/20,
167418898,nan,nan,no,Noisy_LCs,10/09/20,
167418903,nan,nan,no,Noisy_LCs,10/09/20,
167600516,nan,nan,no,Noisy_LCs,10/09/20,
167754523,nan,nan,no,Noisy_LCs,10/09/20,
169226822,nan,nan,no,Noisy_LCs,10/09/20,
169532369,nan,nan,no,Noisy_LCs,10/09/20,
170102285,nan,nan,no,Noisy_LCs,10/09/20,
170634116,nan,nan,no,Noisy_LCs,10/09/20,
170849515,nan,nan,no,Noisy_LCs,10/09/20,
172193428,nan,nan,no,Noisy_LCs,10/09/20,
172464366,2.924,0.11,no,Unambiguous_Rotation,10/09/20,
173612049,4.876,0.305,no,Unambiguous_Rotation,10/09/20,
174143743,nan,nan,no,Noisy_LCs,10/09/20,
175180796,nan,nan,no,Noisy_LCs,10/09/20,
176778112,nan,nan,no,Noisy_LCs,10/09/20,
176831592,nan,nan,no,Ambiguous_Variability,10/09/20,
176860064,1.863,0.102,no,Unambiguous_Rotation,10/09/20,
176957796,6.197,0.074,no,Unambiguous_Rotation,10/09/20,
176984236,nan,nan,no,Ambiguous_Variability,10/09/20,
177077336,nan,nan,no,Ambiguous_Variability,10/09/20,
177115354,nan,nan,no,Noisy_LCs,10/09/20,
177162886,nan,nan,no,Noisy_LCs,10/09/20,
177244357,nan,nan,no,Ambiguous_Variability,10/09/20,
177258735,nan,nan,no,Noisy_LCs,10/09/20,
178155732,nan,nan,no,Noisy_LCs,10/09/20,
178284730,10.229,1.217,no,Unambiguous_Rotation,10/09/20,
178709444,nan,nan,no,Noisy_LCs,10/09/20,
178819686,nan,nan,no,Noisy_LCs,10/09/20,
179034327,7.573,0.637,no,Unambiguous_Rotation,10/09/20,
179308757,5.09/8.87,nan,no,Dubious_Rotation,10/09/20,
179317684,nan,nan,no,Noisy_LCs,10/09/20,
179985715,nan,nan,no,Noisy_LCs,10/09/20,
180695581,4.242,0.391,no,Unambiguous_Rotation,10/09/20,
181159386,nan,nan,no,Noisy_LCs,10/09/20,
181804752,nan,nan,no,Noisy_LCs,10/09/20,
183120439,nan,nan,no,Noisy_LCs,10/09/20,
183532609,7.247,1.094,no,Unambiguous_Rotation,10/09/20,
183537452,nan,nan,no,Noisy_LCs,10/09/20,
183979262,3.341,0.121,no,Unambiguous_Rotation,10/09/20,
183985250,nan,nan,no,Noisy_LCs,10/09/20,
184240683,nan,nan,no,Noisy_LCs,10/09/20,
184679932,2.175,0.131,no,Unambiguous_Rotation,10/09/20,
184952758,nan,nan,no,Noisy_LCs,10/09/20,
186599508,nan,nan,no,Noisy_LCs,10/09/20,
186812530,nan,nan,yes,Noisy_LCs,10/09/20,
188768068,nan,nan,no,Noisy_LCs,10/09/20,
188989177,nan,nan,no,Noisy_LCs,10/09/20,
189013224,6.459,0.869,no,Unambiguous_Rotation,10/09/20,
190990336,3.009,0.216,no,Unambiguous_Rotation,10/09/20,
190998418,nan,nan,no,Ambiguous_Variability,10/09/20,
191284318,nan,nan,no,Noisy_LCs,10/09/20,
192826603,nan,nan,no,Noisy_LCs,10/09/20,
193641523,nan,nan,no,Noisy_LCs,10/09/20,
198206613,nan,nan,no,Noisy_LCs,10/09/20,
198212955,nan,nan,no,Noisy_LCs,10/09/20,
198213332,nan,nan,no,Noisy_LCs,10/09/20,
198241702,nan,nan,no,Noisy_LCs,10/09/20,
198356533,nan,nan,no,Noisy_LCs,10/09/20,
198384408,9.81/15.94,nan,no,Dubious_Rotation,10/09/20,
198390247,nan,nan,no,Noisy_LCs,10/09/20,
198457103,nan,nan,no,Noisy_LCs,10/09/20,
199376584,nan,nan,no,Noisy_LCs,10/09/20,
199444169,nan,nan,no,Noisy_LCs,10/09/20,
199688472,nan,nan,no,Ambiguous_Variability,10/09/20,
200322593,nan,nan,yes,Ambiguous_Variability,10/09/20,
200593988,nan,nan,no,Noisy_LCs,10/09/20,
200723869,nan,nan,no,Ambiguous_Variability,10/09/20,
200807066,nan,nan,no,Noisy_LCs,10/09/20,
201186294,nan,nan,no,Noisy_LCs,10/09/20,
201248411,13.219,1.859,no,Unambiguous_Rotation,10/09/20,
201604954,nan,nan,no,Pulsation,10/09/20,
201642601,nan,nan,no,Noisy_LCs,10/09/20,
201793781,nan,nan,no,Ambiguous_Variability,10/09/20,
204317710,nan,nan,no,Noisy_LCs,10/09/20,
204376737,nan,nan,no,Noisy_LCs,10/09/20,
206466531,nan,nan,no,Noisy_LCs,10/09/20,
206609630,3.872,0.174,yes,Unambiguous_Rotation,10/09/20,
207081058,nan,nan,no,Noisy_LCs,10/09/20,
207084429,nan,nan,no,Noisy_LCs,10/09/20,
207141131,8.489,0.858,no,Unambiguous_Rotation,10/09/20,
210873792,nan,nan,no,Noisy_LCs,10/09/20,
211438925,nan,nan,no,Noisy_LCs,10/09/20,
214361331,3.342,0.266,no,Unambiguous_Rotation,10/09/20,
216935214,nan,nan,no,Noisy_LCs,10/09/20,
218795833,nan,nan,no,Noisy_LCs,10/09/20,
219164808,nan,nan,no,Noisy_LCs,10/09/20,
219187649,nan,nan,no,Noisy_LCs,10/09/20,
219189765,nan,nan,no,Noisy_LCs,10/09/20,
219195044,nan,nan,no,Noisy_LCs,10/09/20,
219229644,9.706,0.748,no,Unambiguous_Rotation,10/09/20,
219239945,nan,nan,no,Noisy_LCs,10/09/20,
219253008,nan,nan,no,Noisy_LCs,10/09/20,
219338557,nan,nan,no,Noisy_LCs,10/09/20,
219344917,nan,nan,no,Noisy_LCs,10/09/20,
219345200,nan,nan,no,Noisy_LCs,10/09/20,
219379012,nan,nan,no,Noisy_LCs,10/09/20,
219388773,nan,nan,no,Noisy_LCs,10/09/20,
219401954,nan,nan,no,Noisy_LCs,10/09/20,
219698776,nan,nan,no,Ambiguous_Variability,10/09/20,
219698950,nan,nan,no,Noisy_LCs,10/09/20,
219776325,9.351,0.334,no,Unambiguous_Rotation,10/09/20,
219850915,nan,nan,no,Noisy_LCs,10/09/20,
219852882,10.130,0.398,no,Unambiguous_Rotation,10/09/20,
219857012,nan,nan,no,Noisy_LCs,10/09/20,
219860288,nan,nan,no,Noisy_LCs,10/09/20,
220029715,nan,nan,no,Noisy_LCs,10/09/20,
220396259,nan,nan,no,Noisy_LCs,10/09/20,
220435095,3.538,0.25,no,Unambiguous_Rotation,10/09/20,
220459826,5.618,0.103,no,Unambiguous_Rotation,10/09/20,
220459976,nan,nan,no,Noisy_LCs,10/09/20,
220475245,nan,nan,no,Noisy_LCs,10/09/20,
220479565,nan,nan,no,Noisy_LCs,10/09/20,
224225541,3.773,0.285,no,Unambiguous_Rotation,10/09/20,
224297258,nan,nan,no,Noisy_LCs,10/09/20,
224596152,nan,nan,no,Noisy_LCs,10/09/20,
224600500,nan,nan,no,Noisy_LCs,10/09/20,
229047362,nan,nan,no,Noisy_LCs,10/09/20,
229455001,nan,nan,no,Noisy_LCs,10/09/20,
229650439,nan,nan,no,Noisy_LCs,10/09/20,
229747848,8.285,0.306,no,Unambiguous_Rotation,10/09/20,
229770036,nan,nan,no,Noisy_LCs,10/09/20,
229781583,nan,nan,no,Noisy_LCs,10/09/20,
229811538,nan,nan,no,Noisy_LCs,10/09/20,
229938290,8.603,1.48,no,Unambiguous_Rotation,10/09/20,
229940491,nan,nan,no,Noisy_LCs,10/09/20,
229944666,nan,nan,no,Noisy_LCs,10/09/20,
229951289,5.288,0.129,no,Unambiguous_Rotation,10/09/20,
230017324,nan,nan,no,Noisy_LCs,10/09/20,
230086768,nan,nan,yes,Noisy_LCs,10/09/20,
230088370,nan,nan,no,Noisy_LCs,10/09/20,
230127302,nan,nan,no,Noisy_LCs,10/09/20,
230377505,nan,nan,no,Noisy_LCs,10/09/20,
230982885,nan,nan,no,Noisy_LCs,10/09/20,
231081369,nan,nan,no,Noisy_LCs,10/09/20,
231663901,nan,nan,no,Ambiguous_Variability,10/09/20,
231670397,nan,nan,no,Noisy_LCs,10/09/20,
231702397,nan,nan,no,Noisy_LCs,10/09/20,
231728511,nan,nan,no,Noisy_LCs,10/09/20,
231912935,nan,nan,no,Noisy_LCs,10/09/20,
232025086,nan,nan,no,Noisy_LCs,10/09/20,
232540264,nan,nan,no,Noisy_LCs,10/09/20,
232612416,nan,nan,no,Noisy_LCs,10/09/20,
232967440,nan,nan,no,Noisy_LCs,10/09/20,
232971294,nan,nan,no,Noisy_LCs,10/09/20,
232976128,nan,nan,no,Noisy_LCs,10/09/20,
232982558,nan,nan,no,Noisy_LCs,10/09/20,
233009109,nan,nan,no,Noisy_LCs,10/09/20,
233059608,nan,nan,no,Noisy_LCs,10/09/20,
233071822,nan,nan,no,Ambiguous_Variability,10/09/20,
233071926,5.34/9.30,nan,no,Dubious_Rotation,10/09/20,
233087860,nan,nan,no,Noisy_LCs,10/09/20,
233120979,4.24/8.48,nan,yes,Dubious_Rotation,10/09/20,
233211762,1.865,0.014,yes,Unambiguous_Rotation,10/09/20,
233390838,nan,nan,no,Ambiguous_Variability,10/09/20,
233541860,nan,nan,no,Noisy_LCs,10/09/20,
233602827,nan,nan,no,Noisy_LCs,10/09/20,
233617847,nan,nan,no,Noisy_LCs,10/09/20,
233681149,nan,nan,no,Noisy_LCs,10/09/20,
233684293,nan,nan,no,Noisy_LCs,10/09/20,
233684822,nan,nan,no,Noisy_LCs,10/09/20,
233735068,nan,nan,no,Noisy_LCs,10/09/20,
233951353,nan,nan,no,Noisy_LCs,10/09/20,
234112540,nan,nan,no,Noisy_LCs,10/09/20,
234345288,nan,nan,no,Noisy_LCs,10/09/20,
234519192,nan,nan,no,Ambiguous_Variability,10/09/20,
234523599,nan,nan,no,Noisy_LCs,10/09/20,
234825296,nan,nan,no,Noisy_LCs,10/09/20,
234994474,nan,nan,no,Ambiguous_Variability,10/09/20,
235037761,7.359,1.128,yes,Unambiguous_Rotation,10/09/20,
235683377,nan,nan,no,Noisy_LCs,10/09/20,
236445129,nan,nan,no,Noisy_LCs,10/09/20,
236714379,nan,nan,no,Noisy_LCs,10/09/20,
236887394,nan,nan,no,Ambiguous_Variability,10/09/20,
237086564,nan,nan,no,Ambiguous_Variability,10/09/20,
237099296,nan,nan,no,Noisy_LCs,10/09/20,
237200747,nan,nan,no,Ambiguous_Variability,10/09/20,
237222864,nan,nan,no,Noisy_LCs,10/09/20,
237232044,nan,nan,no,Noisy_LCs,10/09/20,
237751146,nan,nan,no,Noisy_LCs,10/09/20,
237914496,nan,nan,no,Noisy_LCs,10/09/20,
237920046,nan,nan,no,Noisy_LCs,10/09/20,
237928815,nan,nan,no,Noisy_LCs,10/09/20,
238004786,nan,nan,no,Noisy_LCs,10/09/20,
238086647,2.567,0.055,no,Unambiguous_Rotation,10/09/20,
238176110,nan,nan,no,Noisy_LCs,10/09/20,
238197638,nan,nan,no,Noisy_LCs,10/09/20,
238197709,nan,nan,no,Noisy_LCs,10/09/20,
238898571,nan,nan,no,Ambiguous_Variability,10/09/20,
238932509,nan,nan,no,Noisy_LCs,10/09/20,
239154970,nan,nan,no,Noisy_LCs,10/09/20,
240681314,nan,nan,no,Noisy_LCs,10/09/20,
240968774,nan,nan,no,Noisy_LCs,10/09/20,
241196395,2.019,0.085,no,Unambiguous_Rotation,10/09/20,
241225337,5.32/9.93,nan,no,Dubious_Rotation,10/09/20,
243185500,nan,nan,no,Noisy_LCs,10/09/20,
243200602,nan,nan,no,Noisy_LCs,10/09/20,
244161191,0.321,0.004,yes,Unambiguous_Rotation,10/09/20,
248075138,nan,nan,no,Noisy_LCs,10/09/20,
248092710,4.131,0.194,no,Unambiguous_Rotation,10/09/20,
248111245,nan,nan,no,Noisy_LCs,10/09/20,
249945230,5.749,0.87,no,Unambiguous_Rotation,10/09/20,
250386181,nan,nan,no,Noisy_LCs,10/09/20,
251848941,nan,nan,no,Noisy_LCs,10/09/20,
252479260,nan,nan,no,Noisy_LCs,10/09/20,
253728991,nan,nan,no,Noisy_LCs,10/09/20,
253990973,nan,nan,no,Noisy_LCs,10/09/20,
255685030,nan,nan,no,Noisy_LCs,10/09/20,
255760319,nan,nan,no,Noisy_LCs,10/09/20,
256783784,nan,nan,no,Ambiguous_Variability,10/09/20,
256886630,nan,nan,no,Noisy_LCs,10/09/20,
257241363,nan,nan,no,Noisy_LCs,10/09/20,
257567854,nan,nan,no,Noisy_LCs,10/09/20,
257605131,4.747,0.256,yes,Unambiguous_Rotation,10/09/20,
258514800,nan,nan,no,Noisy_LCs,10/09/20,
258777137,6.364,0.159,no,Unambiguous_Rotation,10/09/20,
259168516,nan,nan,no,Noisy_LCs,10/09/20,
259172391,8.132,0.252,no,Unambiguous_Rotation,10/09/20,
259377017,nan,nan,no,Noisy_LCs,10/09/20,
259511357,nan,nan,no,Noisy_LCs,10/09/20,
259592689,nan,nan,no,Noisy_LCs,10/09/20,
259701242,nan,nan,no,Noisy_LCs,10/09/20,
259863352,nan,nan,no,Noisy_LCs,10/09/20,
259962054,nan,nan,no,Noisy_LCs,10/09/20,
260004324,nan,nan,no,Noisy_LCs,10/09/20,
260043723,nan,nan,no,Noisy_LCs,10/09/20,
260128333,nan,nan,no,Ambiguous_Variability,10/09/20,
260130483,nan,nan,no,Noisy_LCs,10/09/20,
260271203,nan,nan,no,Noisy_LCs,10/09/20,
260304296,nan,nan,no,Noisy_LCs,10/09/20,
260304800,nan,nan,no,Noisy_LCs,10/09/20,
260476837,nan,nan,no,Noisy_LCs,10/09/20,
260609205,nan,nan,no,Noisy_LCs,10/09/20,
260640693,nan,nan,no,Noisy_LCs,10/09/20,
260647166,nan,nan,no,Noisy_LCs,10/09/20,
260708537,nan,nan,no,Noisy_LCs,10/09/20,
260985861,nan,nan,no,Noisy_LCs,10/09/20,
261108236,nan,nan,no,Ambiguous_Variability,10/09/20,
261136679,nan,nan,no,Noisy_LCs,10/09/20,
261257684,nan,nan,no,Ambiguous_Variability,10/09/20,
261867566,nan,nan,no,Noisy_LCs,10/09/20,
262530407,5.21/11.17,nan,no,Dubious_Rotation,10/09/20,
263003176,nan,nan,no,Noisy_LCs,10/09/20,
264678534,nan,nan,no,Noisy_LCs,10/09/20,
264979636,nan,nan,no,Noisy_LCs,10/09/20,
266593143,nan,nan,no,Ambiguous_Variability,10/09/20,
266980320,nan,nan,no,Noisy_LCs,10/09/20,
267263253,nan,nan,no,Noisy_LCs,10/09/20,
267489265,nan,nan,no,Noisy_LCs,10/09/20,
267561446,nan,nan,no,Noisy_LCs,10/09/20,
267574918,nan,nan,no,Noisy_LCs,10/09/20,
268334473,nan,nan,no,Noisy_LCs,10/09/20,
268644785,nan,nan,no,Noisy_LCs,10/09/20,
268766053,nan,nan,no,Noisy_LCs,10/09/20,
269450900,nan,nan,no,Noisy_LCs,10/09/20,
269701147,nan,nan,no,Noisy_LCs,10/09/20,
269892793,nan,nan,no,Ambiguous_Variability,10/09/20,
270341214,nan,nan,no,Noisy_LCs,10/09/20,
270380593,nan,nan,no,Noisy_LCs,10/09/20,
270468559,nan,nan,no,Noisy_LCs,10/09/20,
270507305,nan,nan,no,Noisy_LCs,10/09/20,
271168962,nan,nan,no,Noisy_LCs,10/09/20,
271596225,nan,nan,no,Noisy_LCs,10/09/20,
271596418,nan,nan,no,Noisy_LCs,10/09/20,
271893367,nan,nan,no,Noisy_LCs,10/09/20,
271900960,1.606,0.005,no,Unambiguous_Rotation,10/09/20,
271971130,nan,nan,no,Noisy_LCs,10/09/20,
272086159,nan,nan,yes,Noisy_LCs,10/09/20,
272635712,nan,nan,no,Noisy_LCs,10/09/20,
273985865,nan,nan,no,Noisy_LCs,10/09/20,
274138511,nan,nan,no,Noisy_LCs,10/09/20,
274662200,nan,nan,no,Noisy_LCs,10/09/20,
274762761,nan,nan,no,Noisy_LCs,10/09/20,
275248683,nan,nan,no,Noisy_LCs,10/09/20,
276128561,nan,nan,no,Noisy_LCs,10/09/20,
277099925,4.00/5.28/8.58,nan,no,Dubious_Rotation,10/09/20,
277103955,nan,nan,no,Noisy_LCs,10/09/20,
277507814,nan,nan,no,Noisy_LCs,10/09/20,
277634430,nan,nan,no,Noisy_LCs,10/09/20,
277683130,8.543,1.52,no,Unambiguous_Rotation,10/09/20,
278198753,4.015,0.322,yes,Unambiguous_Rotation,10/09/20,
278348461,nan,nan,no,Noisy_LCs,10/09/20,
278683844,10.408,0.203,no,Unambiguous_Rotation,10/09/20,
278866211,nan,nan,no,Noisy_LCs,10/09/20,
278895705,nan,nan,no,Noisy_LCs,10/09/20,
279251651,nan,nan,no,Noisy_LCs,10/09/20,
279425357,3.802,0.168,no,Unambiguous_Rotation,10/09/20,
279740441,nan,nan,no,Noisy_LCs,10/09/20,
279741379,nan,nan,no,Noisy_LCs,10/09/20,
280095254,nan,nan,no,Noisy_LCs,10/09/20,
280097543,nan,nan,no,Noisy_LCs,10/09/20,
280206394,nan,nan,no,Noisy_LCs,10/09/20,
280210963,nan,nan,no,Noisy_LCs,10/09/20,
280830734,3.633,0.135,no,Unambiguous_Rotation,10/09/20,
281459670,nan,nan,no,Noisy_LCs,10/09/20,
281541555,nan,nan,no,Noisy_LCs,10/09/20,
281575427,nan,nan,no,Noisy_LCs,10/09/20,
281731203,nan,nan,no,Noisy_LCs,10/09/20,
281781375,nan,nan,no,Noisy_LCs,10/09/20,
281909674,nan,nan,no,Noisy_LCs,10/09/20,
281924357,4.020,0.115,no,Unambiguous_Rotation,10/09/20,
281979481,4.385,0.084,no,Unambiguous_Rotation,10/09/20,
283474780,nan,nan,no,Noisy_LCs,10/09/20,
283722336,nan,nan,no,Ambiguous_Variability,10/09/20,
284441182,nan,nan,no,Noisy_LCs,10/09/20,
285048486,nan,nan,no,Noisy_LCs,10/09/20,
286132427,5.71/13.13,nan,no,Dubious_Rotation,10/09/20,
286355915,nan,nan,no,Noisy_LCs,10/09/20,
286864983,3.30/7.08,nan,no,Dubious_Rotation,10/09/20,
286865921,nan,nan,yes,Noisy_LCs,10/09/20,
286923464,nan,nan,no,Ambiguous_Variability,10/09/20,
287080092,nan,nan,no,Noisy_LCs,10/09/20,
287139872,nan,nan,no,Noisy_LCs,10/09/20,
287156968,nan,nan,no,Noisy_LCs,10/09/20,
287196418,nan,nan,no,Pulsation,10/09/20,
287225295,nan,nan,no,Noisy_LCs,10/09/20,
287563610,nan,nan,no,Noisy_LCs,10/09/20,
287776397,nan,nan,no,Noisy_LCs,10/09/20,
288132261,nan,nan,no,Noisy_LCs,10/09/20,
288631580,6.934,0.359,no,Unambiguous_Rotation,10/09/20,
288636342,nan,nan,no,Noisy_LCs,10/09/20,
288735205,nan,nan,no,Noisy_LCs,10/09/20,
289535142,nan,nan,no,Noisy_LCs,10/09/20,
289580577,nan,nan,no,Noisy_LCs,10/09/20,
289793076,nan,nan,no,Noisy_LCs,10/09/20,
290131778,nan,nan,no,Noisy_LCs,10/09/20,
290348383,5.55/11.11,nan,no,Dubious_Rotation,10/09/20,
292321872,nan,nan,no,Noisy_LCs,10/09/20,
293617835,nan,nan,no,Ambiguous_Variability,10/09/20,
293954617,5.368,0.203,no,Unambiguous_Rotation,10/09/20,
294301883,nan,nan,no,Noisy_LCs,10/09/20,
294395926,nan,nan,no,Noisy_LCs,10/09/20,
294471966,nan,nan,no,Noisy_LCs,10/09/20,
294780517,nan,nan,no,Noisy_LCs,10/09/20,
294781547,nan,nan,no,Noisy_LCs,10/09/20,
294981566,nan,nan,no,Noisy_LCs,10/09/20,
296739893,nan,nan,no,Noisy_LCs,10/09/20,
296780789,nan,nan,no,Noisy_LCs,10/09/20,
297967252,nan,nan,no,Pulsation,10/09/20,
298073824,nan,nan,no,Noisy_LCs,10/09/20,
298372701,nan,nan,no,Ambiguous_Variability,10/09/20,
298647682,5.27/10.54,nan,no,Dubious_Rotation,10/09/20,
298666530,nan,nan,no,Noisy_LCs,10/09/20,
299158887,5.267,0.578,no,Unambiguous_Rotation,10/09/20,
299798795,1.166,0.014,yes,Unambiguous_Rotation,10/09/20,
299799658,nan,nan,no,Noisy_LCs,10/09/20,
299945285,nan,nan,no,Noisy_LCs,10/09/20,
300013921,nan,nan,no,Noisy_LCs,10/09/20,
300038935,nan,nan,no,Noisy_LCs,10/09/20,
300293197,5.999,0.063,yes,Unambiguous_Rotation,10/09/20,
300710077,nan,nan,no,Noisy_LCs,10/09/20,
300810086,nan,nan,no,Noisy_LCs,10/09/20,
300871545,nan,nan,no,Noisy_LCs,10/09/20,
302773669,nan,nan,no,Noisy_LCs,10/09/20,
302895996,nan,nan,no,Noisy_LCs,10/09/20,
304042899,nan,nan,no,Noisy_LCs,10/09/20,
304100538,nan,nan,no,Ambiguous_Variability,10/09/20,
305048087,nan,nan,no,Noisy_LCs,10/09/20,
305424003,nan,nan,no,Noisy_LCs,10/09/20,
306263608,nan,nan,no,Noisy_LCs,10/09/20,
306362738,nan,nan,no,Noisy_LCs,10/09/20,
306472057,nan,nan,no,Noisy_LCs,10/09/20,
306955329,nan,nan,no,Noisy_LCs,10/09/20,
306996324,nan,nan,no,Noisy_LCs,10/09/20,
307111282,nan,nan,no,Noisy_LCs,10/09/20,
307210830,nan,nan,no,Noisy_LCs,10/09/20,
307610438,3.290,0.338,yes,Unambiguous_Rotation,10/09/20,
308034948,nan,nan,no,Ambiguous_Variability,10/09/20,
308050066,nan,nan,no,Noisy_LCs,10/09/20,
308307606,nan,nan,no,Ambiguous_Variability,10/09/20,
308994098,nan,nan,no,Noisy_LCs,10/09/20,
309257814,3.948,0.39,no,Unambiguous_Rotation,10/09/20,
309402106,5.393,0.109,no,Unambiguous_Rotation,10/09/20,
309791156,nan,nan,no,Noisy_LCs,10/09/20,
309792357,nan,nan,no,Noisy_LCs,10/09/20,
310009611,5.091,0.288,no,Unambiguous_Rotation,10/09/20,
310981412,4.94/6.98,nan,no,Dubious_Rotation,10/09/20,
311035838,nan,nan,no,Noisy_LCs,10/09/20,
311121985,nan,nan,no,Noisy_LCs,10/09/20,
311183180,8.764,1.67,no,Unambiguous_Rotation,10/09/20,
312862941,1.779,0.079,no,Unambiguous_Rotation,10/09/20,
313506357,nan,nan,no,Noisy_LCs,10/09/20,
314865962,nan,nan,no,Noisy_LCs,10/09/20,
315002523,nan,nan,no,Noisy_LCs,10/09/20,
316916655,nan,nan,no,Noisy_LCs,10/09/20,
316937670,nan,nan,no,Noisy_LCs,10/09/20,
317060587,nan,nan,no,Noisy_LCs,10/09/20,
317507345,nan,nan,no,Ambiguous_Variability,10/09/20,
317548889,nan,nan,no,Noisy_LCs,10/09/20,
317597583,nan,nan,no,Noisy_LCs,10/09/20,
318022259,nan,nan,no,Noisy_LCs,10/09/20,
318937509,2.005,0.096,yes,Unambiguous_Rotation,10/09/20,
319259194,nan,nan,no,Noisy_LCs,10/09/20,
320004517,8.600,1.422,no,Unambiguous_Rotation,10/09/20,
320417762,nan,nan,no,Noisy_LCs,10/09/20,
321041369,nan,nan,no,Noisy_LCs,10/09/20,
321857016,nan,nan,no,Noisy_LCs,10/09/20,
322063810,nan,nan,no,Noisy_LCs,10/09/20,
322202434,nan,nan,no,Noisy_LCs,10/09/20,
322270620,nan,nan,no,Noisy_LCs,10/09/20,
323132914,nan,nan,no,Noisy_LCs,10/09/20,
325680697,nan,nan,no,Ambiguous_Variability,10/09/20,
326453034,nan,nan,no,Noisy_LCs,10/09/20,
327017634,2.552,0.068,no,Unambiguous_Rotation,10/09/20,
327301957,nan,nan,no,Noisy_LCs,10/09/20,
328350926,5.63/9.80,nan,no,Dubious_Rotation,10/09/20,
329277372,nan,nan,no,Pulsation,10/09/20,
329864959,nan,nan,no,Ambiguous_Variability,10/09/20,
332064670,nan,nan,no,Noisy_LCs,10/09/20,
332477926,nan,nan,no,Noisy_LCs,10/09/20,
333473672,nan,nan,no,Noisy_LCs,10/09/20,
334305570,nan,nan,no,Noisy_LCs,10/09/20,
335499997,nan,nan,no,Noisy_LCs,10/09/20,
335630746,2.531,0.16,no,Unambiguous_Rotation,10/09/20,
336732616,nan,nan,no,Noisy_LCs,10/09/20,
339636032,nan,nan,no,Noisy_LCs,10/09/20,
339672028,nan,nan,no,Noisy_LCs,10/09/20,
339733013,nan,nan,no,Noisy_LCs,10/09/20,
339857675,nan,nan,no,Noisy_LCs,10/09/20,
339961200,9.670,0.277,no,Unambiguous_Rotation,10/09/20,
343628284,nan,nan,no,Noisy_LCs,10/09/20,
344926234,6.112,1.038,no,Unambiguous_Rotation,10/09/20,
346418409,nan,nan,no,Noisy_LCs,10/09/20,
348538431,nan,nan,yes,Ambiguous_Variability,10/09/20,
348673213,nan,nan,no,Noisy_LCs,10/09/20,
348755723,nan,nan,no,Noisy_LCs,10/09/20,
348770361,nan,nan,no,Noisy_LCs,10/09/20,
348844154,nan,nan,no,Noisy_LCs,10/09/20,
349095149,nan,nan,no,Noisy_LCs,10/09/20,
349373192,nan,nan,no,Noisy_LCs,10/09/20,
349518800,nan,nan,no,Noisy_LCs,10/09/20,
349790953,nan,nan,no,Noisy_LCs,10/09/20,
349827430,nan,nan,no,Noisy_LCs,10/09/20,
349829627,nan,nan,no,Noisy_LCs,10/09/20,
350132371,nan,nan,no,Pulsation,10/09/20,
350153977,nan,nan,no,Noisy_LCs,10/09/20,
350332997,nan,nan,no,Noisy_LCs,10/09/20,
350445771,nan,nan,no,Ambiguous_Variability,10/09/20,
350584963,nan,nan,no,Ambiguous_Variability,10/09/20,
350618622,nan,nan,no,Noisy_LCs,10/09/20,
350743714,nan,nan,no,Noisy_LCs,10/09/20,
351601843,nan,nan,no,Noisy_LCs,10/09/20,
352239069,3.303,0.077,no,Unambiguous_Rotation,10/09/20,
352413427,nan,nan,no,Ambiguous_Variability,10/09/20,
352764091,nan,nan,no,Noisy_LCs,10/09/20,
353475866,nan,nan,no,Noisy_LCs,10/09/20,
353782445,nan,nan,no,Noisy_LCs,10/09/20,
354594208,nan,nan,no,Noisy_LCs,10/09/20,
355509914,nan,nan,no,Noisy_LCs,10/09/20,
355703913,nan,nan,no,Noisy_LCs,10/09/20,
355867695,nan,nan,no,Noisy_LCs,10/09/20,
356158613,nan,nan,no,Noisy_LCs,10/09/20,
356311210,5.356,0.231,no,Unambiguous_Rotation,10/09/20,
356473034,nan,nan,no,Noisy_LCs,10/09/20,
356867115,12.587,0.619,no,Unambiguous_Rotation,10/09/20,
356978132,nan,nan,no,Noisy_LCs,10/09/20,
357457104,3.684,0.188,no,Unambiguous_Rotation,10/09/20,
358460246,nan,nan,no,Noisy_LCs,10/09/20,
359271092,nan,nan,no,Noisy_LCs,10/09/20,
359496368,nan,nan,no,Noisy_LCs,10/09/20,
360156606,1.663,0.028,no,Unambiguous_Rotation,10/09/20,
360742636,2.78/5.55,nan,no,Dubious_Rotation,10/09/20,
362249359,4.01/7.49,nan,no,Dubious_Rotation,10/09/20,
364107753,nan,nan,no,Noisy_LCs,10/09/20,
364186197,nan,nan,no,Noisy_LCs,10/09/20,
364393429,nan,nan,no,Noisy_LCs,10/09/20,
364395234,nan,nan,no,Ambiguous_Variability,10/09/20,
365639282,nan,nan,yes,Noisy_LCs,10/09/20,
365690646,nan,nan,no,Noisy_LCs,10/09/20,
365733349,nan,nan,no,Noisy_LCs,10/09/20,
365938305,nan,nan,no,Noisy_LCs,10/09/20,
366576758,nan,nan,no,Noisy_LCs,10/09/20,
366622912,nan,nan,yes,Noisy_LCs,10/09/20,
366989877,nan,nan,no,Noisy_LCs,10/09/20,
367366318,nan,nan,no,Noisy_LCs,10/09/20,
367607434,nan,nan,no,Noisy_LCs,10/09/20,
367753709,10.090,nan,no,Dubious_Rotation,10/09/20,
369327947,nan,nan,no,Noisy_LCs,10/09/20,
369960846,nan,nan,no,Noisy_LCs,10/09/20,
370133522,nan,nan,no,Noisy_LCs,10/09/20,
371234684,nan,nan,no,Noisy_LCs,10/09/20,
373424049,nan,nan,no,Noisy_LCs,10/09/20,
373844472,nan,nan,no,Ambiguous_Variability,10/09/20,
374095457,nan,nan,no,Pulsation,10/09/20,
374829238,nan,nan,no,Noisy_LCs,10/09/20,
374997123,nan,nan,no,Noisy_LCs,10/09/20,
375059587,nan,nan,no,Noisy_LCs,10/09/20,
375506058,nan,nan,no,Noisy_LCs,10/09/20,
375542276,nan,nan,no,Ambiguous_Variability,10/09/20,
377064495,nan,nan,no,Noisy_LCs,10/09/20,
377191482,nan,nan,no,Noisy_LCs,10/09/20,
377293776,nan,nan,no,Noisy_LCs,10/09/20,
379240073,nan,nan,no,Noisy_LCs,10/09/20,
380589029,nan,nan,no,Noisy_LCs,10/09/20,
380783252,9.147,1.609,no,Unambiguous_Rotation,10/09/20,
381976956,nan,nan,no,Noisy_LCs,10/09/20,
381979901,nan,nan,no,Noisy_LCs,10/09/20,
382188882,nan,nan,no,Noisy_LCs,10/09/20,
382391899,5.488,0.753,no,Unambiguous_Rotation,10/09/20,
382437043,nan,nan,no,Noisy_LCs,10/09/20,
382474101,2.722,0.168,no,Unambiguous_Rotation,10/09/20,
382626661,nan,nan,no,Noisy_LCs,10/09/20,
383390264,2.149,0.044,no,Unambiguous_Rotation,10/09/20,
386435344,nan,nan,no,Noisy_LCs,10/09/20,
387259626,nan,nan,no,Ambiguous_Variability,10/09/20,
387260717,4.128,0.101,no,Unambiguous_Rotation,10/09/20,
387527558,nan,nan,no,Noisy_LCs,10/09/20,
387690507,nan,nan,no,Noisy_LCs,10/09/20,
387834907,nan,nan,no,Noisy_LCs,10/09/20,
388076005,nan,nan,no,Noisy_LCs,10/09/20,
388104525,nan,nan,no,Noisy_LCs,10/09/20,
388106759,nan,nan,no,Noisy_LCs,10/09/20,
389070884,5.391,0.692,no,Unambiguous_Rotation,10/09/20,
389924075,nan,nan,no,Noisy_LCs,10/09/20,
391821647,nan,nan,no,Ambiguous_Variability,10/09/20,
391904697,nan,nan,no,Noisy_LCs,10/09/20,
391949880,nan,nan,no,Ambiguous_Variability,10/09/20,
393414358,nan,nan,no,Noisy_LCs,10/09/20,
394137592,nan,nan,no,Noisy_LCs,10/09/20,
394657039,nan,nan,no,Ambiguous_Variability,10/09/20,
394698182,nan,nan,no,Noisy_LCs,10/09/20,
396562848,nan,nan,no,Noisy_LCs,10/09/20,
396720998,nan,nan,no,Noisy_LCs,10/09/20,
396740648,nan,nan,no,Noisy_LCs,10/09/20,
398733009,nan,nan,no,Noisy_LCs,10/09/20,
398943781,nan,nan,no,Ambiguous_Variability,10/09/20,
399144800,nan,nan,no,Noisy_LCs,10/09/20,
402026209,nan,nan,no,Noisy_LCs,10/09/20,
403224672,nan,nan,no,Noisy_LCs,10/09/20,
403693875,nan,nan,no,Noisy_LCs,10/09/20,
404340025,nan,nan,no,Noisy_LCs,10/09/20,
405454160,nan,nan,no,Noisy_LCs,10/09/20,
405700729,8.530,nan,no,Dubious_Rotation,10/09/20,
406672232,nan,nan,no,Noisy_LCs,10/09/20,
406941612,nan,nan,no,Noisy_LCs,10/09/20,
406976746,7.485,0.539,no,Unambiguous_Rotation,10/09/20,
407126408,nan,nan,no,Noisy_LCs,10/09/20,
407966340,nan,nan,no,Noisy_LCs,10/09/20,
408159788,nan,nan,no,Noisy_LCs,10/09/20,
408203470,nan,nan,no,Noisy_LCs,10/09/20,
408310006,nan,nan,no,Noisy_LCs,10/09/20,
409934330,nan,nan,no,Noisy_LCs,10/09/20,
410094645,nan,nan,no,Noisy_LCs,10/09/20,
410153553,nan,nan,no,Noisy_LCs,10/09/20,
410214986,2.798,0.163,yes,Unambiguous_Rotation,10/09/20,
410245915,nan,nan,no,Noisy_LCs,10/09/20,
410450228,nan,nan,no,Noisy_LCs,10/09/20,
413248763,nan,nan,no,Noisy_LCs,10/09/20,
413376180,nan,nan,no,Noisy_LCs,10/09/20,
415969908,nan,nan,no,Noisy_LCs,10/09/20,
416195870,nan,nan,no,Noisy_LCs,10/09/20,
417676622,nan,nan,no,Noisy_LCs,10/09/20,
417705690,nan,nan,no,Noisy_LCs,10/09/20,
417931607,nan,nan,no,Noisy_LCs,10/09/20,
417948359,nan,nan,no,Noisy_LCs,10/09/20,
418959198,nan,nan,no,Noisy_LCs,10/09/20,
420049884,nan,nan,no,Noisy_LCs,10/09/20,
420112587,nan,nan,no,Noisy_LCs,10/09/20,
420112589,nan,nan,no,Noisy_LCs,10/09/20,
421894914,nan,nan,no,Noisy_LCs,10/09/20,
422655579,nan,nan,no,Noisy_LCs,10/09/20,
422756130,nan,nan,no,Noisy_LCs,10/09/20,
422923265,7.738,1.576,no,Unambiguous_Rotation,10/09/20,
423275733,nan,nan,no,Noisy_LCs,10/09/20,
424391516,nan,nan,no,Noisy_LCs,10/09/20,
424865156,nan,nan,no,Noisy_LCs,10/09/20,
425206121,nan,nan,no,Noisy_LCs,10/09/20,
425934411,nan,nan,no,Noisy_LCs,10/09/20,
425997655,nan,nan,no,Noisy_LCs,10/09/20,
427348923,nan,nan,no,Noisy_LCs,10/09/20,
427352241,nan,nan,no,Ambiguous_Variability,10/09/20,
427654774,nan,nan,no,Noisy_LCs,10/09/20,
428679607,nan,nan,no,Noisy_LCs,10/09/20,
429304876,nan,nan,no,Noisy_LCs,10/09/20,
429358906,nan,nan,no,Noisy_LCs,10/09/20,
430677414,nan,nan,no,Noisy_LCs,10/09/20,
431514478,nan,nan,no,Noisy_LCs,10/09/20,
431999925,nan,nan,no,Noisy_LCs,10/09/20,
432008938,nan,nan,no,Noisy_LCs,10/09/20,
432549364,nan,nan,no,Binary,10/09/20,
434486077,nan,nan,no,Noisy_LCs,10/09/20,
437242640,nan,nan,no,Noisy_LCs,10/09/20,
437248515,nan,nan,no,Noisy_LCs,10/09/20,
437333618,nan,nan,no,Noisy_LCs,10/09/20,
438490744,nan,nan,no,Noisy_LCs,10/09/20,
439456714,nan,nan,no,Noisy_LCs,10/09/20,
440100539,nan,nan,no,Noisy_LCs,10/09/20,
440777904,nan,nan,no,Noisy_LCs,10/09/20,
440887364,nan,nan,no,Ambiguous_Variability,10/09/20,
441462736,nan,nan,no,Noisy_LCs,10/09/20,
441732151,2.002,0.02,no,Unambiguous_Rotation,10/09/20,
441739020,nan,nan,no,Noisy_LCs,10/09/20,
441739871,nan,nan,no,Noisy_LCs,10/09/20,
444842193,nan,nan,no,Noisy_LCs,10/09/20,
445805961,nan,nan,no,Ambiguous_Variability,10/09/20,
445822015,nan,nan,no,Noisy_LCs,10/09/20,
445859771,nan,nan,no,Noisy_LCs,10/09/20,
447061717,nan,nan,no,Noisy_LCs,10/09/20,
447283466,9.501,1.003,no,Unambiguous_Rotation,10/09/20,
451599528,nan,nan,no,Noisy_LCs,10/09/20,
451606970,nan,nan,no,Noisy_LCs,10/09/20,
451645081,5.569,0.705,no,Unambiguous_Rotation,10/09/20,
452808876,nan,nan,no,Noisy_LCs,10/09/20,
452866790,nan,nan,no,Noisy_LCs,10/09/20,
453211454,nan,nan,no,Noisy_LCs,10/09/20,
453260209,nan,nan,no,Noisy_LCs,10/09/20,
455096220,nan,nan,no,Noisy_LCs,10/09/20,
455135327,nan,nan,no,Noisy_LCs,10/09/20,
457138169,nan,nan,no,Noisy_LCs,10/09/20,
458478250,nan,nan,no,Noisy_LCs,10/09/20,
458589703,9.420,nan,no,Dubious_Rotation,10/09/20,
459942762,nan,nan,no,Noisy_LCs,10/09/20,
459969957,nan,nan,no,Noisy_LCs,10/09/20,
459970307,3.581,0.049,no,Unambiguous_Rotation,10/09/20,
459978312,nan,nan,no,Noisy_LCs,10/09/20,
460205581,2.957,0.093,yes,Unambiguous_Rotation,10/09/20,
460984940,nan,nan,no,Noisy_LCs,10/09/20,
461271719,3.822,0.406,no,Unambiguous_Rotation,10/09/20,
461662295,nan,nan,no,Noisy_LCs,10/09/20,
462162948,5.508,0.337,no,Unambiguous_Rotation,10/09/20,
466840711,nan,nan,no,Noisy_LCs,10/09/20,
467179528,nan,nan,no,Noisy_LCs,10/09/20,
467666275,nan,nan,no,Noisy_LCs,10/09/20,
468148930,nan,nan,no,Noisy_LCs,10/09/20,
468880077,nan,nan,no,Noisy_LCs,10/09/20,
468987719,nan,nan,no,Noisy_LCs,10/09/20,
470381900,nan,nan,no,Noisy_LCs,10/09/20,
470987100,nan,nan,no,Noisy_LCs,10/09/20,
1400770435,nan,nan,no,Noisy_LCs,10/09/20,
1551345500,nan,nan,no,Noisy_LCs,10/09/20,
1884091865,nan,nan,no,Ambiguous_Variability,10/09/20,
4464022,3.560,0.486,no,Unambiguous Rotation,16/09/22,
5882269,5.000,0.186,yes,Unambiguous Rotation,16/09/22,
7059054,5.330,0.216,no,Unambiguous Rotation,16/09/22,
8260536,6.560,0.999,no,Unambiguous Rotation,16/09/22,
8677530,4.990,0.587,no,unambiguous rotation,16/09/22,
8853478,3.640,0.337,no,Unambiguous Rotation,16/09/22,
9346507,5.650,0.743,no,Unambiguous Rotation,16/09/22,
18019350,5.880,0.752,no,Unambiguous Rotation,16/09/22,
18310799,6.080,0.838,no,Unambiguous Rotation,16/09/22,
26469462,4.990,0.513,yes,Unambiguous Rotation,16/09/22,
26826078,6.400,0.309,no,Unambiguous Rotation,16/09/22,
27064468,4.400,0.141,no,Unambiguous Rotation,16/09/22,
27769688,10.900,0.589,no,Unambiguous Rotation,16/09/22,
46307587,4.000,0.12,no,unambiguous rotation,16/09/22,
46631742,4.500,0.164,no,Unambiguous Rotation,16/09/22,
47094691,5.170,0.35,no,Unambiguous Rotation,16/09/22,
55266835,3.420,0.13,yes,unambiguous rotation,16/09/22,
56399553,5.250,0.317,no,Unambiguous Rotation,16/09/22,
58472992,6.400,0.467,yes,Unambiguous Rotation,16/09/22,
61109252,7.490,0.41,no,Unambiguous Rotation,16/09/22,
71268730,1.900,0.036,yes,Unambiguous Rotation,16/09/22,
71396541,4.790,0.512,no,unambiguous rotation,16/09/22,
86273567,5.430,0.644,no,Unambiguous Rotation,16/09/22,
86951294,6.740,1.042,no,Unambiguous Rotation,16/09/22,
91481801,1.300,0.014,no,Unambiguous Rotation,16/09/22,
115457180,2.720,0.055,no,unambiguous rotation,16/09/22,
116257066,3.140,0.073,no,unambiguous rotation,16/09/22,
116608612,1.670,0.021,no,unambiguous rotation,16/09/22,
125735470,5.740,0.758,no,unambiguous rotation,16/09/22,
150299840,0.770,0.001,yes,Unambiguous Rotation,16/09/22,
156816238,2.140,0.107,no,unambiguous rotation,16/09/22,
160618074,5.000,0.155,no,unambiguous rotation,16/09/22,
166053959,0.850,0.003,no,Unambiguous Rotation,16/09/22,
167719618,5.500,0.03,no,unambiguous rotation,16/09/22,
175193677,4.450,0.221,no,unambiguous rotation,16/09/22,
176868951,4.420,0.227,no,Unambiguous Rotation,16/09/22,
240849748,5.500,0.447,no,unambiguous rotation,16/09/22,
251039147,3.780,0.535,no,Unambiguous Rotation,16/09/22,
256364928,5.640,0.626,no,unambiguous rotation,16/09/22,
267484653,4.940,0.538,yes,unambiguous rotation,16/09/22,
267572272,0.211,0.0,no,Unambiguous Rotation,16/09/22,
279095914,4.470,0.447,no,Unambiguous Rotation,16/09/22,
281716779,1.640,0.056,no,unambiguous rotation,16/09/22,
281837575,4.200,0.195,no,Unambiguous Rotation,16/09/22,
290036495,5.260,0.616,no,unambiguous rotation,16/09/22,
303523128,5.400,0.233,no,Unambiguous Rotation,16/09/22,
307733361,4.300,0.14,no,Unambiguous Rotation,16/09/22,
320503729,3.200,0.063,no,unambiguous rotation,16/09/22,
332022997,4.500,0.152,no,Unambiguous Rotation,16/09/22,
336075472,5.140,0.137,no,Unambiguous Rotation,16/09/22,
336961891,2.300,0.069,yes,unambiguous rotation,16/09/22,
349576261,1.800,0.006,no,Unambiguous Rotation,16/09/22,
350023518,3.550,0.137,no,Unambiguous Rotation,16/09/22,
362223355,5.770,0.697,no,Unambiguous Rotation,16/09/22,
366409685,1.350,0.01,yes,Unambiguous Rotation,16/09/22,
372730331,4.280,0.43,no,Unambiguous Rotation,16/09/22,
397058826,3.230,0.093,no,unambiguous rotation,16/09/22,
406495245,4.000,0.174,no,Unambiguous Rotation,16/09/22,
434226736,1.810,0.075,yes,unambiguous rotation,16/09/22,
436873727,0.240,0.0,no,Unambiguous Rotation,16/09/22,
437011608,4.580,0.241,no,Unambiguous Rotation,16/09/22,
450327768,5.240,0.639,no,unambiguous rotation,16/09/22,
453387619,5.560,0.67,no,Unambiguous Rotation,16/09/22,
453410966,5.650,0.692,no,Unambiguous Rotation,16/09/22,
