TIC_ID,Prot,eProt,Flare_star,Variability_Classification,
1003831,nan,nan,no,Ambiguous_Variability,
1103432,nan,nan,no,Ambiguous_Variability,
1129033,5.00/10.00,nan,no,Dubious_Rotation,
1133072,nan,nan,no,Noisy_LCs,
1449640,nan,nan,no,Noisy_LCs,
1528696,5.15/8.97,nan,no,Dubious_Rotation,
2758565,3.577,0.313,no,Unambiguous_Rotation,
2760710,1.251,0.033,no,Unambiguous_Rotation,
4070275,5.092,0.272,no,Unambiguous_Rotation,
4464022,3.560,0.486,no,Unambiguous Rotation,
4616072,nan,nan,no,Noisy_LCs,
4646810,nan,nan,no,Ambiguous_Variability,
4897275,nan,nan,no,Noisy_LCs,
5868998,nan,nan,no,Noisy_LCs,
5882269,5.000,0.186,yes,Unambiguous Rotation,
6663331,nan,nan,no,Noisy_LCs,
7059054,5.330,0.216,no,Unambiguous Rotation,
7088246,nan,nan,no,Noisy_LCs,
7439481,1.374,0.039,no,Unambiguous_Rotation,
7624182,1.624,0.029,no,Unambiguous_Rotation,
8260536,6.560,0.999,no,Unambiguous Rotation,
8400842,nan,nan,no,Noisy_LCs,
8677530,4.990,0.587,no,unambiguous rotation,
8767448,nan,nan,no,Noisy_LCs,
8853478,3.640,0.337,no,Unambiguous Rotation,
9006668,7.05/9.96,nan,no,Dubious_Rotation,
9033144,4.201,0.368,no,Unambiguous_Rotation,
9346507,5.650,0.743,no,Unambiguous Rotation,
9348006,5.329,0.592,no,Unambiguous_Rotation,
9725627,nan,nan,no,Noisy_LCs,
9727392,nan,nan,no,Binary,
9804616,nan,nan,no,Ambiguous_Variability,
9858404,nan,nan,no,Noisy_LCs,
11111899,3.707,0.313,no,Unambiguous_Rotation,
11561667,nan,nan,no,Noisy_LCs,
12421862,nan,nan,no,Noisy_LCs,
12423815,nan,nan,no,Noisy_LCs,
12862099,nan,nan,no,Ambiguous_Variability,
13021029,nan,nan,no,Noisy_LCs,
13349647,nan,nan,no,Noisy_LCs,
13499636,5.595,0.921,no,Unambiguous_Rotation,
13684720,nan,nan,yes,Ambiguous_Variability,
14091633,1.363,0.022,no,Unambiguous_Rotation,
14091704,nan,nan,no,Noisy_LCs,
14165625,8.835,0.908,no,Unambiguous_Rotation,
14336130,nan,nan,no,Noisy_LCs,
14614418,nan,nan,no,Noisy_LCs,
14661418,nan,nan,no,Noisy_LCs,
15445551,nan,nan,no,Ambiguous_Variability,
15863518,nan,nan,no,Noisy_LCs,
16288184,nan,nan,no,Ambiguous_Variability,
16740101,nan,nan,no,Ambiguous_Variability,
16920150,nan,nan,no,Noisy_LCs,
17005768,nan,nan,no,Ambiguous_Variability,
17746821,nan,nan,no,Noisy_LCs,
18019350,5.880,0.752,no,Unambiguous Rotation,
18310799,6.080,0.838,no,Unambiguous Rotation,
19025965,nan,nan,no,Ambiguous_Variability,
19451711,nan,nan,no,Noisy_LCs,
19519368,nan,nan,no,Noisy_LCs,
20178111,4.928,0.675,no,Unambiguous_Rotation,
20182165,2.049,0.055,no,Unambiguous_Rotation,
20897611,3.621,0.34,no,Unambiguous_Rotation,
21535395,nan,nan,no,Noisy_LCs,
21755546,2.406,0.055,no,Unambiguous_Rotation,
22221375,nan,nan,no,Ambiguous_Variability,
22529346,nan,nan,no,Ambiguous_Variability,
22843856,3.518,0.326,no,Unambiguous_Rotation,
23434737,nan,nan,no,Noisy_LCs,
25139786,5.285,0.723,no,Unambiguous_Rotation,
25155310,nan,nan,no,Noisy_LCs,
25375553,nan,nan,no,Ambiguous_Variability,
26469462,4.990,0.513,yes,Unambiguous Rotation,
26826078,6.400,0.309,no,Unambiguous Rotation,
27064468,4.400,0.141,no,Unambiguous Rotation,
27194429,1.845,0.095,no,Unambiguous_Rotation,
27649847,nan,nan,no,Noisy_LCs,
27769688,10.900,0.589,no,Unambiguous Rotation,
28230919,10.189,1.104,no,Unambiguous_Rotation,
28900646,nan,nan,no,Noisy_LCs,
29054413,nan,nan,no,Noisy_LCs,
29191596,9.074,1.583,no,Unambiguous_Rotation,
29191624,nan,nan,no,Ambiguous_Variability,
29344935,nan,nan,no,Noisy_LCs,
29781292,nan,nan,no,Noisy_LCs,
29831208,nan,nan,no,Noisy_LCs,
29918916,5.685,0.746,no,Unambiguous_Rotation,
29960109,nan,nan,no,Noisy_LCs,
29960110,nan,nan,no,Noisy_LCs,
30037565,nan,nan,no,Noisy_LCs,
30122649,nan,nan,no,Noisy_LCs,
30312676,nan,nan,no,Ambiguous_Variability,
30828562,nan,nan,no,Ambiguous_Variability,
30853470,nan,nan,no,Noisy_LCs,
31374837,nan,nan,no,Ambiguous_Variability,
31553893,nan,nan,no,Ambiguous_Variability,
31852980,nan,nan,no,Ambiguous_Variability,
31858843,nan,nan,no,Ambiguous_Variability,
31858844,nan,nan,no,Ambiguous_Variability,
32090583,nan,nan,yes,Ambiguous_Variability,
32497972,nan,nan,no,Noisy_LCs,
32499655,nan,nan,no,Noisy_LCs,
32830028,nan,nan,yes,Ambiguous_Variability,
33091633,2.123,0.098,no,Unambiguous_Rotation,
33153766,2.863,0.186,no,Unambiguous_Rotation,
33521996,nan,nan,no,Noisy_LCs,
33690636,4.434,0.406,no,Unambiguous_Rotation,
33692729,nan,nan,no,Noisy_LCs,
33831980,nan,nan,no,Noisy_LCs,
33878688,nan,nan,no,Noisy_LCs,
34068865,nan,nan,no,Ambiguous_Variability,
35009898,nan,nan,no,Noisy_LCs,
35516889,6.18/9.37,nan,no,Dubious_Rotation,
35582553,2.118,0.092,yes,Unambiguous_Rotation,
35857242,nan,nan,no,Noisy_LCs,
36352297,nan,nan,no,Noisy_LCs,
36440357,nan,nan,no,Noisy_LCs,
36724087,nan,nan,no,Noisy_LCs,
36734222,7.400,nan,no,Dubious_Rotation,
37168957,5.248,0.765,no,Unambiguous_Rotation,
37575651,nan,nan,no,Noisy_LCs,
37749396,nan,nan,no,Ambiguous_Variability,
37770169,nan,nan,no,Noisy_LCs,
38460940,nan,nan,no,Noisy_LCs,
38509907,nan,nan,no,Noisy_LCs,
38510224,nan,nan,no,Noisy_LCs,
38541473,3.009,0.216,no,Unambiguous_Rotation,
38571020,nan,nan,no,Noisy_LCs,
38603673,4.363,0.062,no,Unambiguous_Rotation,
38686737,nan,nan,no,Noisy_LCs,
38696105,nan,nan,no,Noisy_LCs,
38846515,nan,nan,no,Noisy_LCs,
39699648,nan,nan,no,Noisy_LCs,
41227743,nan,nan,no,Noisy_LCs,
42015200,10.941,1.387,yes,Unambiguous_Rotation,
42054565,nan,nan,no,Noisy_LCs,
42755801,3.841,0.304,no,Unambiguous_Rotation,
42821097,nan,nan,no,Noisy_LCs,
43064903,nan,nan,no,Noisy_LCs,
43647325,nan,nan,no,Noisy_LCs,
44631965,nan,nan,no,Ambiguous_Variability,
44647437,nan,nan,no,Noisy_LCs,
44737596,nan,nan,no,Noisy_LCs,
44745077,nan,nan,no,Noisy_LCs,
44797824,1.414,0.022,no,Unambiguous_Rotation,
46096489,nan,nan,no,Noisy_LCs,
46307587,4.000,0.12,no,unambiguous rotation,
46631742,4.500,0.164,no,Unambiguous Rotation,
47094691,5.170,0.35,no,Unambiguous Rotation,
47316976,nan,nan,no,Noisy_LCs,
47384844,3.610,0.31,yes,Unambiguous_Rotation,
47484268,nan,nan,no,Noisy_LCs,
47525799,nan,nan,no,Noisy_LCs,
47911178,nan,nan,no,Ambiguous_Variability,
48103627,nan,nan,no,Noisy_LCs,
48476907,nan,nan,no,Ambiguous_Variability,
48476908,nan,nan,no,Ambiguous_Variability,
49687222,nan,nan,no,Noisy_LCs,
49771092,nan,nan,no,Noisy_LCs,
49899799,nan,nan,no,Ambiguous_Variability,
50309953,nan,nan,no,Noisy_LCs,
50312495,nan,nan,no,Noisy_LCs,
50618703,nan,nan,no,Ambiguous_Variability,
51024887,nan,nan,no,Noisy_LCs,
51234631,nan,nan,no,Noisy_LCs,
51912829,nan,nan,no,Noisy_LCs,
52204645,nan,nan,no,Noisy_LCs,
52280468,nan,nan,no,Noisy_LCs,
52368076,nan,nan,no,Noisy_LCs,
52640302,nan,nan,no,Noisy_LCs,
53189332,nan,nan,no,Noisy_LCs,
53593457,nan,nan,no,Noisy_LCs,
53735810,nan,nan,no,Noisy_LCs,
54085154,nan,nan,no,Noisy_LCs,
54962195,nan,nan,no,Noisy_LCs,
55092869,nan,nan,no,Noisy_LCs,
55266835,3.420,0.13,yes,unambiguous rotation,
55383975,nan,nan,no,Noisy_LCs,
55452495,nan,nan,no,Noisy_LCs,
55488511,nan,nan,no,Noisy_LCs,
55525572,nan,nan,no,Noisy_LCs,
55559618,nan,nan,no,Noisy_LCs,
55650590,nan,nan,no,Noisy_LCs,
55652896,nan,nan,no,Noisy_LCs,
56399553,5.250,0.317,no,Unambiguous Rotation,
58472992,6.400,0.467,yes,Unambiguous Rotation,
58542531,nan,nan,no,Ambiguous_Variability,
59003115,nan,nan,no,Noisy_LCs,
59843967,nan,nan,no,Noisy_LCs,
61109252,7.490,0.41,no,Unambiguous Rotation,
61538902,nan,nan,no,Noisy_LCs,
61988212,nan,nan,no,Noisy_LCs,
62483237,6.83/11.09,nan,no,Dubious_Rotation,
63898957,nan,nan,no,Noisy_LCs,
64071894,nan,nan,no,Ambiguous_Variability,
66818296,nan,nan,no,Noisy_LCs,
67418624,nan,nan,no,Noisy_LCs,
67646988,1.105,0.027,yes,Unambiguous_Rotation,
67666096,nan,nan,no,Ambiguous_Variability,
69679391,nan,nan,no,Noisy_LCs,
69747919,nan,nan,no,Noisy_LCs,
70440470,nan,nan,no,Noisy_LCs,
70513361,nan,nan,no,Noisy_LCs,
70797900,2.037,0.086,yes,Unambiguous_Rotation,
70899085,nan,nan,no,Noisy_LCs,
70914192,nan,nan,no,Noisy_LCs,
71268730,1.900,0.036,yes,Unambiguous Rotation,
71396541,4.790,0.512,no,unambiguous rotation,
71431780,nan,nan,no,Noisy_LCs,
71512186,nan,nan,no,Noisy_LCs,
72985822,nan,nan,no,Noisy_LCs,
73228647,nan,nan,no,Noisy_LCs,
73649615,nan,nan,no,Noisy_LCs,
73717937,nan,nan,no,Noisy_LCs,
73723286,nan,nan,no,Ambiguous_Variability,
74534430,nan,nan,no,Noisy_LCs,
76923707,nan,nan,no,Ambiguous_Variability,
76989773,nan,nan,no,Ambiguous_Variability,
77031414,7.765,1.37,no,Unambiguous_Rotation,
77044471,11.280,nan,no,Dubious_Rotation,
77156829,nan,nan,no,Noisy_LCs,
77228304,nan,nan,no,Noisy_LCs,
77253676,nan,nan,no,Noisy_LCs,
77951245,5.388,0.338,yes,Unambiguous_Rotation,
78055054,nan,nan,no,Noisy_LCs,
78154865,4.634,0.596,no,Unambiguous_Rotation,
79748331,nan,nan,no,Ambiguous_Variability,
81212286,nan,nan,no,Noisy_LCs,
82128636,3.329,0.142,no,Unambiguous_Rotation,
82362447,nan,nan,no,Noisy_LCs,
82707763,4.447,0.506,no,Unambiguous_Rotation,
83092282,nan,nan,no,Noisy_LCs,
85031598,nan,nan,no,Noisy_LCs,
85242435,nan,nan,no,Ambiguous_Variability,
85293053,nan,nan,no,Ambiguous_Variability,
86273567,5.430,0.644,no,Unambiguous Rotation,
86396382,nan,nan,no,Noisy_LCs,
86951294,6.740,1.042,no,Unambiguous Rotation,
88977253,nan,nan,no,Noisy_LCs,
89020549,nan,nan,no,Noisy_LCs,
89256802,nan,nan,yes,Ambiguous_Variability,
90504905,nan,nan,no,Noisy_LCs,
91481801,1.300,0.014,no,Unambiguous Rotation,
92013169,2.374,0.117,no,Unambiguous_Rotation,
92226327,nan,nan,no,Noisy_LCs,
92352620,nan,nan,no,Noisy_LCs,
92359850,3.042,0.231,no,Unambiguous_Rotation,
93125144,1.427,0.051,yes,Unambiguous_Rotation,
94986319,nan,nan,no,Noisy_LCs,
96097215,nan,nan,no,Ambiguous_Variability,
97158538,2.510,0.066,no,Unambiguous_Rotation,
97409519,nan,nan,no,Noisy_LCs,
98796344,1.393,0.046,yes,Unambiguous_Rotation,
99834717,nan,nan,no,Noisy_LCs,
100097716,3.040,0.108,no,Unambiguous_Rotation,
100100827,nan,nan,no,Binary,
100608026,nan,nan,no,Noisy_LCs,
100757807,3.081,0.099,no,Unambiguous_Rotation,
100990000,nan,nan,no,Noisy_LCs,
101011575,7.170,nan,no,Dubious_Rotation,
101230735,nan,nan,no,Ambiguous_Variability,
101395259,nan,nan,no,Noisy_LCs,
101497191,nan,nan,no,Noisy_LCs,
101948569,8.810,nan,no,Dubious_Rotation,
101955023,nan,nan,no,Noisy_LCs,
102195674,4.908,0.574,no,Unambiguous_Rotation,
102283403,2.430,0.122,no,Unambiguous_Rotation,
102672709,nan,nan,no,Noisy_LCs,
103448870,3.103,0.219,no,Unambiguous_Rotation,
103633434,nan,nan,no,Noisy_LCs,
104024556,1.073,0.029,no,Unambiguous_Rotation,
105840719,5.579,0.65,no,Unambiguous_Rotation,
106402532,nan,nan,no,Noisy_LCs,
108645766,nan,nan,no,Noisy_LCs,
108835813,2.063,0.092,no,Unambiguous_Rotation,
110428269,nan,nan,no,Noisy_LCs,
111991770,nan,nan,no,Noisy_LCs,
112395568,10.780,nan,no,Dubious_Rotation,
115242351,5.677,0.784,no,Unambiguous_Rotation,
115457180,2.720,0.055,no,unambiguous rotation,
115623434,7.715,0.408,no,Unambiguous_Rotation,
115771549,nan,nan,no,Noisy_LCs,
116257066,3.140,0.073,no,unambiguous rotation,
116483514,nan,nan,no,Noisy_LCs,
116483734,nan,nan,no,Noisy_LCs,
116608612,1.670,0.021,no,unambiguous rotation,
117979455,nan,nan,no,Noisy_LCs,
117979694,8.521,1.513,no,Unambiguous_Rotation,
117979850,nan,nan,no,Noisy_LCs,
117979897,nan,nan,no,Noisy_LCs,
118327550,nan,nan,no,Noisy_LCs,
119081096,nan,nan,no,Noisy_LCs,
119292328,nan,nan,no,Noisy_LCs,
119700084,nan,nan,no,Noisy_LCs,
120247528,nan,nan,no,Noisy_LCs,
120585579,nan,nan,no,Noisy_LCs,
120602501,nan,nan,no,Noisy_LCs,
120610833,nan,nan,no,Noisy_LCs,
120757718,nan,nan,no,Noisy_LCs,
120896927,nan,nan,no,Noisy_LCs,
120916706,nan,nan,no,Noisy_LCs,
120960812,nan,nan,no,Noisy_LCs,
121338379,nan,nan,no,Noisy_LCs,
121966220,nan,nan,no,Noisy_LCs,
122220263,nan,nan,no,Noisy_LCs,
122612091,nan,nan,no,Ambiguous_Variability,
122613513,nan,nan,no,Noisy_LCs,
123482865,4.330,0.24,no,Unambiguous_Rotation,
123702439,nan,nan,no,Noisy_LCs,
124573851,nan,nan,no,Noisy_LCs,
125405602,nan,nan,no,Noisy_LCs,
125442121,nan,nan,no,Ambiguous_Variability,
125735470,5.740,0.758,no,unambiguous rotation,
126733133,nan,nan,no,Noisy_LCs,
127530399,nan,nan,no,Noisy_LCs,
128449971,2.281,0.107,no,Unambiguous_Rotation,
128790976,1.361,0.04,no,Unambiguous_Rotation,
129979528,nan,nan,no,Pulsation,
130181866,6.508,0.921,no,Unambiguous_Rotation,
130924120,nan,nan,no,Noisy_LCs,
131081852,7.140,nan,no,Dubious_Rotation,
131419878,nan,nan,no,Noisy_LCs,
133334108,4.906,0.301,no,Unambiguous_Rotation,
134200185,nan,nan,no,Noisy_LCs,
134404603,4.706,0.469,yes,Unambiguous_Rotation,
134537478,nan,nan,no,Noisy_LCs,
137881699,nan,nan,no,Noisy_LCs,
137906197,nan,nan,no,Noisy_LCs,
138017750,2.623,0.181,no,Unambiguous_Rotation,
138168780,nan,nan,no,Noisy_LCs,
138588540,9.236,0.87,no,Unambiguous_Rotation,
138968089,nan,nan,no,Noisy_LCs,
139528693,nan,nan,no,Noisy_LCs,
139733308,nan,nan,no,Noisy_LCs,
140068425,1.064,0.024,no,Unambiguous_Rotation,
140691463,nan,nan,no,Noisy_LCs,
140760434,nan,nan,no,Noisy_LCs,
140830390,nan,nan,no,Ambiguous_Variability,
141527579,nan,nan,no,Noisy_LCs,
141527965,nan,nan,no,Noisy_LCs,
141608198,nan,nan,no,Noisy_LCs,
141768070,nan,nan,no,Noisy_LCs,
142019343,5.580,0.03,no,Unambiguous_Rotation,
142090065,2.376,0.123,no,Unambiguous_Rotation,
142276270,8.189,0.699,no,Unambiguous_Rotation,
142394656,6.21/9.42,nan,no,Dubious_Rotation,
143271144,nan,nan,no,Noisy_LCs,
143350972,nan,nan,no,Noisy_LCs,
143526444,nan,nan,no,Noisy_LCs,
143994283,5.714,0.698,no,Unambiguous_Rotation,
144065872,nan,nan,no,Ambiguous_Variability,
144138509,nan,nan,no,Noisy_LCs,
144401492,4.540,0.448,no,Unambiguous_Rotation,
144440290,nan,nan,no,Noisy_LCs,
144700903,nan,nan,no,Noisy_LCs,
146463781,nan,nan,no,Noisy_LCs,
146520535,3.304,0.225,yes,Unambiguous_Rotation,
146846569,nan,nan,no,Noisy_LCs,
147660201,nan,nan,no,Ambiguous_Variability,
147950620,nan,nan,no,Noisy_LCs,
148228019,nan,nan,no,Ambiguous_Variability,
148479278,nan,nan,no,Noisy_LCs,
148782377,nan,nan,no,Ambiguous_Variability,
148914726,7.391,0.594,no,Unambiguous_Rotation,
149010208,nan,nan,no,Binary,
149301575,nan,nan,no,Noisy_LCs,
149302744,nan,nan,no,Noisy_LCs,
149603524,nan,nan,no,Ambiguous_Variability,
149788158,nan,nan,no,Noisy_LCs,
149833117,nan,nan,no,Pulsation,
149990841,nan,nan,no,Noisy_LCs,
150030205,nan,nan,no,Noisy_LCs,
150098860,nan,nan,no,Noisy_LCs,
150151262,6.07/11.33,nan,no,Dubious_Rotation,
150247134,nan,nan,no,Noisy_LCs,
150271680,nan,nan,no,Noisy_LCs,
150299840,0.770,0.001,yes,Unambiguous Rotation,
150428135,nan,nan,no,Noisy_LCs,
150428703,4.52/7.34,nan,no,Dubious_Rotation,
151681127,nan,nan,no,Noisy_LCs,
151825527,nan,nan,no,Ambiguous_Variability,
151959065,nan,nan,no,Noisy_LCs,
152147232,nan,nan,no,Noisy_LCs,
152476657,nan,nan,no,Noisy_LCs,
153065527,nan,nan,no,Noisy_LCs,
153077621,nan,nan,no,Ambiguous_Variability,
153949511,8.095,0.683,no,Unambiguous_Rotation,
153951307,nan,nan,no,Noisy_LCs,
153976959,nan,nan,no,Noisy_LCs,
154089169,nan,nan,no,Noisy_LCs,
154383539,nan,nan,no,Noisy_LCs,
154459165,5.355,0.611,no,Unambiguous_Rotation,
154618248,7.599,1.203,no,Unambiguous_Rotation,
154716798,6.467,0.871,no,Unambiguous_Rotation,
154840461,5.329,0.302,no,Unambiguous_Rotation,
154872375,5.081,0.281,no,Unambiguous_Rotation,
154927364,6.396,0.388,no,Unambiguous_Rotation,
155114483,nan,nan,no,Noisy_LCs,
156816238,2.140,0.107,no,unambiguous rotation,
156987351,nan,nan,no,Pulsation,
156991337,3.607,0.155,no,Unambiguous_Rotation,
158002130,nan,nan,no,Noisy_LCs,
158025009,nan,nan,no,Noisy_LCs,
158170594,nan,nan,no,Noisy_LCs,
158297421,nan,nan,no,Ambiguous_Variability,
158324245,nan,nan,no,Noisy_LCs,
158561566,nan,nan,no,Noisy_LCs,
158588995,nan,nan,no,Noisy_LCs,
158623531,nan,nan,no,Noisy_LCs,
158978373,nan,nan,no,Noisy_LCs,
159107668,nan,nan,no,Noisy_LCs,
159418353,nan,nan,no,Ambiguous_Variability,
159510109,10.045,0.587,no,Unambiguous_Rotation,
159873822,3.821,0.109,no,Unambiguous_Rotation,
159951311,nan,nan,no,Noisy_LCs,
160045097,6.071,0.709,no,Unambiguous_Rotation,
160074939,2.323,0.108,no,Unambiguous_Rotation,
160148385,nan,nan,no,Noisy_LCs,
160328683,2.535,0.069,yes,Unambiguous_Rotation,
160618074,5.000,0.155,no,unambiguous rotation,
161032923,nan,nan,no,Noisy_LCs,
161477033,nan,nan,no,Noisy_LCs,
162362398,nan,nan,no,Noisy_LCs,
163539739,nan,nan,no,Noisy_LCs,
164173105,nan,nan,no,Pulsation,
164767175,nan,nan,no,Noisy_LCs,
165317334,nan,nan,no,Noisy_LCs,
165551882,nan,nan,no,Noisy_LCs,
166053959,0.850,0.003,no,Unambiguous Rotation,
166739520,nan,nan,no,Noisy_LCs,
166833457,nan,nan,no,Noisy_LCs,
166836920,nan,nan,no,Noisy_LCs,
167303382,nan,nan,no,Noisy_LCs,
167342439,nan,nan,no,Noisy_LCs,
167415965,nan,nan,no,Ambiguous_Variability,
167418898,nan,nan,no,Noisy_LCs,
167418903,nan,nan,no,Noisy_LCs,
167600516,nan,nan,no,Noisy_LCs,
167719618,5.500,0.03,no,unambiguous rotation,
167754523,nan,nan,no,Noisy_LCs,
169226822,nan,nan,no,Noisy_LCs,
169532369,nan,nan,no,Noisy_LCs,
170102285,nan,nan,no,Noisy_LCs,
170634116,nan,nan,no,Noisy_LCs,
170849515,nan,nan,no,Noisy_LCs,
170889511,5.163,0.708,no,Unambiguous_Rotation,
172193428,nan,nan,no,Noisy_LCs,
172464366,2.924,0.11,no,Unambiguous_Rotation,
173612049,4.876,0.305,no,Unambiguous_Rotation,
174143743,nan,nan,no,Noisy_LCs,
175180796,nan,nan,no,Noisy_LCs,
175193677,4.450,0.221,no,unambiguous rotation,
176772671,1.451,0.058,no,Unambiguous_Rotation,
176778112,nan,nan,no,Noisy_LCs,
176831592,nan,nan,no,Ambiguous_Variability,
176860064,1.863,0.102,no,Unambiguous_Rotation,
176868951,4.420,0.227,no,Unambiguous Rotation,
176957796,6.197,0.074,no,Unambiguous_Rotation,
176984236,nan,nan,no,Ambiguous_Variability,
177077336,nan,nan,no,Ambiguous_Variability,
177115354,nan,nan,no,Noisy_LCs,
177162886,nan,nan,no,Noisy_LCs,
177244357,nan,nan,no,Ambiguous_Variability,
177258735,nan,nan,no,Noisy_LCs,
178155732,nan,nan,no,Noisy_LCs,
178284730,10.229,1.217,no,Unambiguous_Rotation,
178367144,4.594,0.474,no,Unambiguous_Rotation,
178709444,nan,nan,no,Noisy_LCs,
178819686,nan,nan,no,Noisy_LCs,
179034327,7.573,0.637,no,Unambiguous_Rotation,
179308757,5.09/8.87,nan,no,Dubious_Rotation,
179317684,nan,nan,no,Noisy_LCs,
179985715,nan,nan,no,Noisy_LCs,
180695581,4.242,0.391,no,Unambiguous_Rotation,
180991313,2.774,0.19,no,Unambiguous_Rotation,
181159386,nan,nan,no,Noisy_LCs,
181804752,nan,nan,no,Noisy_LCs,
183120439,nan,nan,no,Noisy_LCs,
183532609,7.247,1.094,no,Unambiguous_Rotation,
183537452,nan,nan,no,Noisy_LCs,
183979262,3.341,0.121,no,Unambiguous_Rotation,
183985250,nan,nan,no,Noisy_LCs,
184240683,nan,nan,no,Noisy_LCs,
184679932,2.175,0.131,no,Unambiguous_Rotation,
184952758,nan,nan,no,Noisy_LCs,
186599508,nan,nan,no,Noisy_LCs,
186812530,nan,nan,yes,Noisy_LCs,
188768068,nan,nan,no,Noisy_LCs,
188989177,nan,nan,no,Noisy_LCs,
189013224,6.459,0.869,no,Unambiguous_Rotation,
190990336,3.009,0.216,no,Unambiguous_Rotation,
190998418,nan,nan,no,Ambiguous_Variability,
191284318,nan,nan,no,Noisy_LCs,
192826603,nan,nan,no,Noisy_LCs,
193641523,nan,nan,no,Noisy_LCs,
198187049,10.169,0.234,no,Unambiguous_Rotation,
198206613,nan,nan,no,Noisy_LCs,
198212955,nan,nan,no,Noisy_LCs,
198213332,nan,nan,no,Noisy_LCs,
198241702,nan,nan,no,Noisy_LCs,
198356533,nan,nan,no,Noisy_LCs,
198384408,9.81/15.94,nan,no,Dubious_Rotation,
198390247,nan,nan,no,Noisy_LCs,
198457103,nan,nan,no,Noisy_LCs,
198610218,2.631,0.13,yes,Unambiguous_Rotation,
199376584,nan,nan,no,Noisy_LCs,
199444169,nan,nan,no,Noisy_LCs,
199688472,nan,nan,no,Ambiguous_Variability,
200322593,nan,nan,yes,Ambiguous_Variability,
200593988,nan,nan,no,Noisy_LCs,
200723869,nan,nan,no,Ambiguous_Variability,
200807066,nan,nan,no,Noisy_LCs,
201186294,nan,nan,no,Noisy_LCs,
201248411,13.219,1.859,no,Unambiguous_Rotation,
201604954,nan,nan,no,Pulsation,
201642601,nan,nan,no,Noisy_LCs,
201793781,nan,nan,no,Ambiguous_Variability,
202426247,4.287,0.068,no,Unambiguous_Rotation,
204317710,nan,nan,no,Noisy_LCs,
204376737,nan,nan,no,Noisy_LCs,
206466531,nan,nan,no,Noisy_LCs,
206609630,3.872,0.174,yes,Unambiguous_Rotation,
207081058,nan,nan,no,Noisy_LCs,
207084429,nan,nan,no,Noisy_LCs,
207141131,8.489,0.858,no,Unambiguous_Rotation,
207277638,2.883,0.172,no,Unambiguous_Rotation,
210873792,nan,nan,no,Noisy_LCs,
211438925,nan,nan,no,Noisy_LCs,
214361331,3.342,0.266,no,Unambiguous_Rotation,
216935214,nan,nan,no,Noisy_LCs,
218795833,nan,nan,no,Noisy_LCs,
219164808,nan,nan,no,Noisy_LCs,
219187649,nan,nan,no,Noisy_LCs,
219189765,nan,nan,no,Noisy_LCs,
219195044,nan,nan,no,Noisy_LCs,
219229644,9.706,0.748,no,Unambiguous_Rotation,
219239945,nan,nan,no,Noisy_LCs,
219253008,nan,nan,no,Noisy_LCs,
219338557,nan,nan,no,Noisy_LCs,
219344917,nan,nan,no,Noisy_LCs,
219345200,nan,nan,no,Noisy_LCs,
219379012,nan,nan,no,Noisy_LCs,
219388773,nan,nan,no,Noisy_LCs,
219401954,nan,nan,no,Noisy_LCs,
219508169,8.703,0.781,no,Unambiguous_Rotation,
219698776,nan,nan,no,Ambiguous_Variability,
219698950,nan,nan,no,Noisy_LCs,
219776325,9.351,0.334,no,Unambiguous_Rotation,
219821826,5.862,0.241,no,Unambiguous_Rotation,
219850915,nan,nan,no,Noisy_LCs,
219852882,10.130,0.398,no,Unambiguous_Rotation,
219857012,nan,nan,no,Noisy_LCs,
219860288,nan,nan,no,Noisy_LCs,
220029715,nan,nan,no,Noisy_LCs,
220396259,nan,nan,no,Noisy_LCs,
220435095,3.538,0.25,no,Unambiguous_Rotation,
220459826,5.618,0.103,no,Unambiguous_Rotation,
220459976,nan,nan,no,Noisy_LCs,
220475245,nan,nan,no,Noisy_LCs,
220479565,nan,nan,no,Noisy_LCs,
224225541,3.773,0.285,no,Unambiguous_Rotation,
224297258,nan,nan,no,Noisy_LCs,
224596152,nan,nan,no,Noisy_LCs,
224600500,nan,nan,no,Noisy_LCs,
229047362,nan,nan,no,Noisy_LCs,
229455001,nan,nan,no,Noisy_LCs,
229650439,nan,nan,no,Noisy_LCs,
229747848,8.285,0.306,no,Unambiguous_Rotation,
229770036,nan,nan,no,Noisy_LCs,
229781583,nan,nan,no,Noisy_LCs,
229811538,nan,nan,no,Noisy_LCs,
229938290,8.603,1.48,no,Unambiguous_Rotation,
229940491,nan,nan,no,Noisy_LCs,
229944666,nan,nan,no,Noisy_LCs,
229951289,5.288,0.129,no,Unambiguous_Rotation,
230017324,nan,nan,no,Noisy_LCs,
230075227,10.512,0.205,no,Unambiguous_Rotation,
230086768,nan,nan,yes,Noisy_LCs,
230088370,nan,nan,no,Noisy_LCs,
230127302,nan,nan,no,Noisy_LCs,
230377505,nan,nan,no,Noisy_LCs,
230982885,nan,nan,no,Noisy_LCs,
231081369,nan,nan,no,Noisy_LCs,
231630147,7.932,1.354,no,Unambiguous_Rotation,
231663901,nan,nan,no,Ambiguous_Variability,
231670397,nan,nan,no,Noisy_LCs,
231702397,nan,nan,no,Noisy_LCs,
231728511,nan,nan,no,Noisy_LCs,
231912935,nan,nan,no,Noisy_LCs,
232025086,nan,nan,no,Noisy_LCs,
232540264,nan,nan,no,Noisy_LCs,
232568235,8.085,0.465,no,Unambiguous_Rotation,
232612416,nan,nan,no,Noisy_LCs,
232967440,nan,nan,no,Noisy_LCs,
232971294,nan,nan,no,Noisy_LCs,
232976128,nan,nan,no,Noisy_LCs,
232982558,nan,nan,no,Noisy_LCs,
233009109,nan,nan,no,Noisy_LCs,
233059608,nan,nan,no,Noisy_LCs,
233071822,nan,nan,no,Ambiguous_Variability,
233071926,5.34/9.30,nan,no,Dubious_Rotation,
233087860,nan,nan,no,Noisy_LCs,
233120979,4.24/8.48,nan,yes,Dubious_Rotation,
233211762,1.865,0.014,yes,Unambiguous_Rotation,
233390838,nan,nan,no,Ambiguous_Variability,
233541860,nan,nan,no,Noisy_LCs,
233602827,nan,nan,no,Noisy_LCs,
233617847,nan,nan,no,Noisy_LCs,
233681149,nan,nan,no,Noisy_LCs,
233684293,nan,nan,no,Noisy_LCs,
233684822,nan,nan,no,Noisy_LCs,
233735068,nan,nan,no,Noisy_LCs,
233951353,nan,nan,no,Noisy_LCs,
234112540,nan,nan,no,Noisy_LCs,
234345288,nan,nan,no,Noisy_LCs,
234519192,nan,nan,no,Ambiguous_Variability,
234523599,nan,nan,no,Noisy_LCs,
234825296,nan,nan,no,Noisy_LCs,
234994474,nan,nan,no,Ambiguous_Variability,
235037761,7.359,1.128,yes,Unambiguous_Rotation,
235683377,nan,nan,no,Noisy_LCs,
236445129,nan,nan,no,Noisy_LCs,
236714379,nan,nan,no,Noisy_LCs,
236815160,2.792,0.081,no,Unambiguous_Rotation,
236887394,nan,nan,no,Ambiguous_Variability,
237086564,nan,nan,no,Ambiguous_Variability,
237099296,nan,nan,no,Noisy_LCs,
237200747,nan,nan,no,Ambiguous_Variability,
237222864,nan,nan,no,Noisy_LCs,
237232044,nan,nan,no,Noisy_LCs,
237751146,nan,nan,no,Noisy_LCs,
237914496,nan,nan,no,Noisy_LCs,
237920046,nan,nan,no,Noisy_LCs,
237924601,0.974,0.008,no,Unambiguous_Rotation,
237928815,nan,nan,no,Noisy_LCs,
238004786,nan,nan,no,Noisy_LCs,
238086647,2.567,0.055,no,Unambiguous_Rotation,
238164799,2.499,0.03,no,Unambiguous_Rotation,
238176110,nan,nan,no,Noisy_LCs,
238197638,nan,nan,no,Noisy_LCs,
238197709,nan,nan,no,Noisy_LCs,
238898571,nan,nan,no,Ambiguous_Variability,
238932509,nan,nan,no,Noisy_LCs,
239154970,nan,nan,no,Noisy_LCs,
240681314,nan,nan,no,Noisy_LCs,
240849748,5.500,0.447,no,unambiguous rotation,
240968774,nan,nan,no,Noisy_LCs,
241196395,2.019,0.085,no,Unambiguous_Rotation,
241225337,5.32/9.93,nan,no,Dubious_Rotation,
242120884,1.398,0.039,no,Unambiguous_Rotation,
242536549,2.543,0.128,no,Unambiguous_Rotation,
243185500,nan,nan,no,Noisy_LCs,
243200602,nan,nan,no,Noisy_LCs,
244161191,0.321,0.004,yes,Unambiguous_Rotation,
248075138,nan,nan,no,Noisy_LCs,
248092710,4.131,0.194,no,Unambiguous_Rotation,
248111245,nan,nan,no,Noisy_LCs,
248434716,1.422,0.043,yes,Unambiguous_Rotation,
248434780,3.705,0.289,no,Unambiguous_Rotation,
249945230,5.749,0.87,no,Unambiguous_Rotation,
250386181,nan,nan,no,Noisy_LCs,
251039147,3.780,0.535,no,Unambiguous Rotation,
251848941,nan,nan,no,Noisy_LCs,
252479260,nan,nan,no,Noisy_LCs,
253434221,3.636,0.258,no,Unambiguous_Rotation,
253728991,nan,nan,no,Noisy_LCs,
253990973,nan,nan,no,Noisy_LCs,
255685030,nan,nan,no,Noisy_LCs,
255760319,nan,nan,no,Noisy_LCs,
256364928,5.640,0.626,no,unambiguous rotation,
256783784,nan,nan,no,Ambiguous_Variability,
256886630,nan,nan,no,Noisy_LCs,
257241363,nan,nan,no,Noisy_LCs,
257567854,nan,nan,no,Noisy_LCs,
257605131,4.747,0.256,yes,Unambiguous_Rotation,
258514800,nan,nan,no,Noisy_LCs,
258777137,6.364,0.159,no,Unambiguous_Rotation,
259168516,nan,nan,no,Noisy_LCs,
259172391,8.132,0.252,no,Unambiguous_Rotation,
259353953,2.840,0.174,no,Unambiguous_Rotation,
259377017,nan,nan,no,Noisy_LCs,
259511357,nan,nan,no,Noisy_LCs,
259592689,nan,nan,no,Noisy_LCs,
259701242,nan,nan,no,Noisy_LCs,
259863352,nan,nan,no,Noisy_LCs,
259962054,nan,nan,no,Noisy_LCs,
260004324,nan,nan,no,Noisy_LCs,
260043723,nan,nan,no,Noisy_LCs,
260128333,nan,nan,no,Ambiguous_Variability,
260130483,nan,nan,no,Noisy_LCs,
260271203,nan,nan,no,Noisy_LCs,
260304296,nan,nan,no,Noisy_LCs,
260304800,nan,nan,no,Noisy_LCs,
260476837,nan,nan,no,Noisy_LCs,
260609205,nan,nan,no,Noisy_LCs,
260640693,nan,nan,no,Noisy_LCs,
260647166,nan,nan,no,Noisy_LCs,
260708537,nan,nan,no,Noisy_LCs,
260985861,nan,nan,no,Noisy_LCs,
261108236,nan,nan,no,Ambiguous_Variability,
261136679,nan,nan,no,Noisy_LCs,
261257684,nan,nan,no,Ambiguous_Variability,
261867566,nan,nan,no,Noisy_LCs,
262530407,5.21/11.17,nan,no,Dubious_Rotation,
263003176,nan,nan,no,Noisy_LCs,
264678534,nan,nan,no,Noisy_LCs,
264979636,nan,nan,no,Noisy_LCs,
265077027,4.328,0.412,no,Unambiguous_Rotation,
266593143,nan,nan,no,Ambiguous_Variability,
266980320,nan,nan,no,Noisy_LCs,
267263253,nan,nan,no,Noisy_LCs,
267484653,4.940,0.538,yes,unambiguous rotation,
267489265,nan,nan,no,Noisy_LCs,
267561446,nan,nan,no,Noisy_LCs,
267572272,0.211,0.0,no,Unambiguous Rotation,
267574918,nan,nan,no,Noisy_LCs,
268301217,6.463,0.942,no,Unambiguous_Rotation,
268334473,nan,nan,no,Noisy_LCs,
268644785,nan,nan,no,Noisy_LCs,
268766053,nan,nan,no,Noisy_LCs,
269450900,nan,nan,no,Noisy_LCs,
269701147,nan,nan,no,Noisy_LCs,
269892793,nan,nan,no,Ambiguous_Variability,
270341214,nan,nan,no,Noisy_LCs,
270380593,nan,nan,no,Noisy_LCs,
270468559,nan,nan,no,Noisy_LCs,
270507305,nan,nan,no,Noisy_LCs,
271168962,nan,nan,no,Noisy_LCs,
271596225,nan,nan,no,Noisy_LCs,
271596418,nan,nan,no,Noisy_LCs,
271893367,nan,nan,no,Noisy_LCs,
271900960,1.606,0.005,no,Unambiguous_Rotation,
271971130,nan,nan,no,Noisy_LCs,
272086159,nan,nan,yes,Noisy_LCs,
272635712,nan,nan,no,Noisy_LCs,
273985865,nan,nan,no,Noisy_LCs,
274138511,nan,nan,no,Noisy_LCs,
274662200,nan,nan,no,Noisy_LCs,
274762761,nan,nan,no,Noisy_LCs,
275248683,nan,nan,no,Noisy_LCs,
276128561,nan,nan,no,Noisy_LCs,
277099925,4.00/5.28/8.58,nan,no,Dubious_Rotation,
277103955,nan,nan,no,Noisy_LCs,
277507814,nan,nan,no,Noisy_LCs,
277634430,nan,nan,no,Noisy_LCs,
277683130,8.543,1.52,no,Unambiguous_Rotation,
277871306,3.701,0.36,no,Unambiguous_Rotation,
278198753,4.015,0.322,yes,Unambiguous_Rotation,
278348461,nan,nan,no,Noisy_LCs,
278683844,10.408,0.203,no,Unambiguous_Rotation,
278866211,nan,nan,no,Noisy_LCs,
278895705,nan,nan,no,Noisy_LCs,
279095914,4.470,0.447,no,Unambiguous Rotation,
279251651,nan,nan,no,Noisy_LCs,
279425357,3.802,0.168,no,Unambiguous_Rotation,
279740441,nan,nan,no,Noisy_LCs,
279741379,nan,nan,no,Noisy_LCs,
280095254,nan,nan,no,Noisy_LCs,
280097543,nan,nan,no,Noisy_LCs,
280206394,nan,nan,no,Noisy_LCs,
280210963,nan,nan,no,Noisy_LCs,
280830734,3.633,0.135,no,Unambiguous_Rotation,
281459670,nan,nan,no,Noisy_LCs,
281541555,nan,nan,no,Noisy_LCs,
281575427,nan,nan,no,Noisy_LCs,
281716779,1.640,0.056,no,unambiguous rotation,
281731203,nan,nan,no,Noisy_LCs,
281781375,nan,nan,no,Noisy_LCs,
281837575,4.200,0.195,no,Unambiguous Rotation,
281909674,nan,nan,no,Noisy_LCs,
281924357,4.020,0.115,no,Unambiguous_Rotation,
281979481,4.385,0.084,no,Unambiguous_Rotation,
283474780,nan,nan,no,Noisy_LCs,
283722336,nan,nan,no,Ambiguous_Variability,
284441182,nan,nan,no,Noisy_LCs,
284450803,3.289,0.106,no,Unambiguous_Rotation,
285048486,nan,nan,no,Noisy_LCs,
286132427,5.71/13.13,nan,no,Dubious_Rotation,
286355915,nan,nan,no,Noisy_LCs,
286864983,3.30/7.08,nan,no,Dubious_Rotation,
286865921,nan,nan,yes,Noisy_LCs,
286923464,nan,nan,no,Ambiguous_Variability,
287080092,nan,nan,no,Noisy_LCs,
287139872,nan,nan,no,Noisy_LCs,
287156968,nan,nan,no,Noisy_LCs,
287196418,nan,nan,no,Pulsation,
287225295,nan,nan,no,Noisy_LCs,
287563610,nan,nan,no,Noisy_LCs,
287776397,nan,nan,no,Noisy_LCs,
288132261,nan,nan,no,Noisy_LCs,
288631580,6.934,0.359,no,Unambiguous_Rotation,
288636342,nan,nan,no,Noisy_LCs,
288735205,nan,nan,no,Noisy_LCs,
289535142,nan,nan,no,Noisy_LCs,
289580577,nan,nan,no,Noisy_LCs,
289793076,nan,nan,no,Noisy_LCs,
289988797,4.322,0.427,no,Unambiguous_Rotation,
290036495,5.260,0.616,no,unambiguous rotation,
290131778,nan,nan,no,Noisy_LCs,
290348383,5.55/11.11,nan,no,Dubious_Rotation,
291555748,4.899,0.252,no,Unambiguous_Rotation,
292321872,nan,nan,no,Noisy_LCs,
293617835,nan,nan,no,Ambiguous_Variability,
293954617,5.368,0.203,no,Unambiguous_Rotation,
294179385,3.553,0.261,no,Unambiguous_Rotation,
294301883,nan,nan,no,Noisy_LCs,
294395926,nan,nan,no,Noisy_LCs,
294471966,nan,nan,no,Noisy_LCs,
294500964,5.561,0.661,no,Unambiguous_Rotation,
294780517,nan,nan,no,Noisy_LCs,
294781547,nan,nan,no,Noisy_LCs,
294981566,nan,nan,no,Noisy_LCs,
295562522,5.111,0.57,no,Unambiguous_Rotation,
296739893,nan,nan,no,Noisy_LCs,
296780789,nan,nan,no,Noisy_LCs,
297967252,nan,nan,no,Pulsation,
298073824,nan,nan,no,Noisy_LCs,
298372701,nan,nan,no,Ambiguous_Variability,
298647682,5.27/10.54,nan,no,Dubious_Rotation,
298666530,nan,nan,no,Noisy_LCs,
299023386,1.784,0.083,no,Unambiguous_Rotation,
299158887,5.267,0.578,no,Unambiguous_Rotation,
299798795,1.166,0.014,yes,Unambiguous_Rotation,
299799658,nan,nan,no,Noisy_LCs,
299945285,nan,nan,no,Noisy_LCs,
300013921,nan,nan,no,Noisy_LCs,
300038935,nan,nan,no,Noisy_LCs,
300293197,5.999,0.063,yes,Unambiguous_Rotation,
300710077,nan,nan,no,Noisy_LCs,
300810086,nan,nan,no,Noisy_LCs,
300871545,nan,nan,no,Noisy_LCs,
301160638,8.058,1.241,no,Unambiguous_Rotation,
302518439,3.800,0.297,no,Unambiguous_Rotation,
302773669,nan,nan,no,Noisy_LCs,
302895996,nan,nan,no,Noisy_LCs,
303523128,5.400,0.233,no,Unambiguous Rotation,
304042899,nan,nan,no,Noisy_LCs,
304100538,nan,nan,no,Ambiguous_Variability,
305048087,nan,nan,no,Noisy_LCs,
305424003,nan,nan,no,Noisy_LCs,
305767364,1.610,0.051,no,Unambiguous_Rotation,
306263608,nan,nan,no,Noisy_LCs,
306362738,nan,nan,no,Noisy_LCs,
306472057,nan,nan,no,Noisy_LCs,
306955329,nan,nan,no,Noisy_LCs,
306996324,nan,nan,no,Noisy_LCs,
307111282,nan,nan,no,Noisy_LCs,
307210830,nan,nan,no,Noisy_LCs,
307610438,3.290,0.338,yes,Unambiguous_Rotation,
307733361,4.300,0.14,no,Unambiguous Rotation,
308034948,nan,nan,no,Ambiguous_Variability,
308050066,nan,nan,no,Noisy_LCs,
308307606,nan,nan,no,Ambiguous_Variability,
308994098,nan,nan,no,Noisy_LCs,
309254930,1.265,0.041,no,Unambiguous_Rotation,
309257814,3.948,0.39,no,Unambiguous_Rotation,
309402106,5.393,0.109,no,Unambiguous_Rotation,
309791156,nan,nan,no,Noisy_LCs,
309792357,nan,nan,no,Noisy_LCs,
310009611,5.091,0.288,no,Unambiguous_Rotation,
310981412,4.94/6.98,nan,no,Dubious_Rotation,
311035838,nan,nan,no,Noisy_LCs,
311121985,nan,nan,no,Noisy_LCs,
311183180,8.764,1.67,no,Unambiguous_Rotation,
312083267,3.806,0.285,no,Unambiguous_Rotation,
312862941,1.779,0.079,no,Unambiguous_Rotation,
313506357,nan,nan,no,Noisy_LCs,
314865962,nan,nan,no,Noisy_LCs,
315002523,nan,nan,no,Noisy_LCs,
316916655,nan,nan,no,Noisy_LCs,
316937670,nan,nan,no,Noisy_LCs,
317060587,nan,nan,no,Noisy_LCs,
317507345,nan,nan,no,Ambiguous_Variability,
317548889,nan,nan,no,Noisy_LCs,
317597583,nan,nan,no,Noisy_LCs,
318022259,nan,nan,no,Noisy_LCs,
318937509,2.005,0.096,yes,Unambiguous_Rotation,
319259194,nan,nan,no,Noisy_LCs,
320004517,8.600,1.422,no,Unambiguous_Rotation,
320417762,nan,nan,no,Noisy_LCs,
320503729,3.200,0.063,no,unambiguous rotation,
321041369,nan,nan,no,Noisy_LCs,
321857016,nan,nan,no,Noisy_LCs,
322063810,nan,nan,no,Noisy_LCs,
322202434,nan,nan,no,Noisy_LCs,
322270620,nan,nan,no,Noisy_LCs,
323132914,nan,nan,no,Noisy_LCs,
324395151,2.753,0.167,no,Unambiguous_Rotation,
325468685,1.964,0.092,no,Unambiguous_Rotation,
325680697,nan,nan,no,Ambiguous_Variability,
326453034,nan,nan,no,Noisy_LCs,
326919774,1.312,nan,no,Unambiguous_Rotation,
327017634,2.552,0.068,no,Unambiguous_Rotation,
327301957,nan,nan,no,Noisy_LCs,
328350926,5.63/9.80,nan,no,Dubious_Rotation,
329277372,nan,nan,no,Pulsation,
329864959,nan,nan,no,Ambiguous_Variability,
332022997,4.500,0.152,no,Unambiguous Rotation,
332064670,nan,nan,no,Noisy_LCs,
332477926,nan,nan,no,Noisy_LCs,
333473672,nan,nan,no,Noisy_LCs,
334305570,nan,nan,no,Noisy_LCs,
335499997,nan,nan,no,Noisy_LCs,
335630746,2.531,0.16,no,Unambiguous_Rotation,
336075472,5.140,0.137,no,Unambiguous Rotation,
336732616,nan,nan,no,Noisy_LCs,
336961891,2.300,0.069,yes,unambiguous rotation,
339636032,nan,nan,no,Noisy_LCs,
339672028,nan,nan,no,Noisy_LCs,
339733013,nan,nan,no,Noisy_LCs,
339857675,nan,nan,no,Noisy_LCs,
339961200,9.670,0.277,no,Unambiguous_Rotation,
343628284,nan,nan,no,Noisy_LCs,
344926234,6.112,1.038,no,Unambiguous_Rotation,
346418409,nan,nan,no,Noisy_LCs,
348538431,nan,nan,yes,Ambiguous_Variability,
348673213,nan,nan,no,Noisy_LCs,
348755723,nan,nan,no,Noisy_LCs,
348770361,nan,nan,no,Noisy_LCs,
348844154,nan,nan,no,Noisy_LCs,
349088467,5.068,0.596,no,Unambiguous_Rotation,
349095149,nan,nan,no,Noisy_LCs,
349373192,nan,nan,no,Noisy_LCs,
349518800,nan,nan,no,Noisy_LCs,
349576261,1.800,0.006,no,Unambiguous Rotation,
349790953,nan,nan,no,Noisy_LCs,
349827430,nan,nan,no,Noisy_LCs,
349829627,nan,nan,no,Noisy_LCs,
350023518,3.550,0.137,no,Unambiguous Rotation,
350132371,nan,nan,no,Pulsation,
350153977,nan,nan,no,Noisy_LCs,
350332997,nan,nan,no,Noisy_LCs,
350445771,nan,nan,no,Ambiguous_Variability,
350584963,nan,nan,no,Ambiguous_Variability,
350618622,nan,nan,no,Noisy_LCs,
350743714,nan,nan,no,Noisy_LCs,
351601843,nan,nan,no,Noisy_LCs,
351603103,5.572,0.767,no,Unambiguous_Rotation,
352229268,5.031,0.466,no,Unambiguous_Rotation,
352239069,3.303,0.077,no,Unambiguous_Rotation,
352413427,nan,nan,no,Ambiguous_Variability,
352764091,nan,nan,no,Noisy_LCs,
353475866,nan,nan,no,Noisy_LCs,
353782445,nan,nan,no,Noisy_LCs,
354519019,5.279,0.148,no,Unambiguous_Rotation,
354594208,nan,nan,no,Noisy_LCs,
355509914,nan,nan,no,Noisy_LCs,
355703913,nan,nan,no,Noisy_LCs,
355867695,nan,nan,no,Noisy_LCs,
356158613,nan,nan,no,Noisy_LCs,
356311210,5.356,0.231,no,Unambiguous_Rotation,
356473034,nan,nan,no,Noisy_LCs,
356867115,12.587,0.619,no,Unambiguous_Rotation,
356978132,nan,nan,no,Noisy_LCs,
357457104,3.684,0.188,no,Unambiguous_Rotation,
358460246,nan,nan,no,Noisy_LCs,
359271092,nan,nan,no,Noisy_LCs,
359496368,nan,nan,no,Noisy_LCs,
360156606,1.663,0.028,no,Unambiguous_Rotation,
360630575,4.900,0.467,no,Unambiguous_Rotation,
360742636,2.78/5.55,nan,no,Dubious_Rotation,
362223355,5.770,0.697,no,Unambiguous Rotation,
362249359,4.01/7.49,nan,no,Dubious_Rotation,
364107753,nan,nan,no,Noisy_LCs,
364186197,nan,nan,no,Noisy_LCs,
364393429,nan,nan,no,Noisy_LCs,
364395234,nan,nan,no,Ambiguous_Variability,
365639282,nan,nan,yes,Noisy_LCs,
365690646,nan,nan,no,Noisy_LCs,
365733349,nan,nan,no,Noisy_LCs,
365938305,nan,nan,no,Noisy_LCs,
366409685,1.350,0.01,yes,Unambiguous Rotation,
366576758,nan,nan,no,Noisy_LCs,
366622912,nan,nan,yes,Noisy_LCs,
366989877,nan,nan,no,Noisy_LCs,
367366318,nan,nan,no,Noisy_LCs,
367607434,nan,nan,no,Noisy_LCs,
367753709,10.090,nan,no,Dubious_Rotation,
369327947,nan,nan,no,Noisy_LCs,
369960846,nan,nan,no,Noisy_LCs,
370133522,nan,nan,no,Noisy_LCs,
370745311,4.812,0.524,no,Unambiguous_Rotation,
371234684,nan,nan,no,Noisy_LCs,
372730331,4.280,0.43,no,Unambiguous Rotation,
373424049,nan,nan,no,Noisy_LCs,
373844472,nan,nan,no,Ambiguous_Variability,
374095457,nan,nan,no,Pulsation,
374829238,nan,nan,no,Noisy_LCs,
374997123,nan,nan,no,Noisy_LCs,
375059587,nan,nan,no,Noisy_LCs,
375225453,3.202,0.241,no,Unambiguous_Rotation,
375506058,nan,nan,no,Noisy_LCs,
375542276,nan,nan,no,Ambiguous_Variability,
377064495,nan,nan,no,Noisy_LCs,
377191482,nan,nan,no,Noisy_LCs,
377293776,nan,nan,no,Noisy_LCs,
379240073,nan,nan,no,Noisy_LCs,
380589029,nan,nan,no,Noisy_LCs,
380783252,9.147,1.609,no,Unambiguous_Rotation,
381976956,nan,nan,no,Noisy_LCs,
381979901,nan,nan,no,Noisy_LCs,
382188882,nan,nan,no,Noisy_LCs,
382391899,5.488,0.753,no,Unambiguous_Rotation,
382437043,nan,nan,no,Noisy_LCs,
382474101,2.722,0.168,no,Unambiguous_Rotation,
382626661,nan,nan,no,Noisy_LCs,
383390264,2.149,0.044,no,Unambiguous_Rotation,
386435344,nan,nan,no,Noisy_LCs,
387259626,nan,nan,no,Ambiguous_Variability,
387260717,4.128,0.101,no,Unambiguous_Rotation,
387527558,nan,nan,no,Noisy_LCs,
387690507,nan,nan,no,Noisy_LCs,
387834907,nan,nan,no,Noisy_LCs,
388076005,nan,nan,no,Noisy_LCs,
388104525,nan,nan,no,Noisy_LCs,
388106759,nan,nan,no,Noisy_LCs,
389070884,5.391,0.692,no,Unambiguous_Rotation,
389924075,nan,nan,no,Noisy_LCs,
391821647,nan,nan,no,Ambiguous_Variability,
391904697,nan,nan,no,Noisy_LCs,
391949880,nan,nan,no,Ambiguous_Variability,
393414358,nan,nan,no,Noisy_LCs,
394137592,nan,nan,no,Noisy_LCs,
394657039,nan,nan,no,Ambiguous_Variability,
394698182,nan,nan,no,Noisy_LCs,
396562848,nan,nan,no,Noisy_LCs,
396720998,nan,nan,no,Noisy_LCs,
396740648,nan,nan,no,Noisy_LCs,
397058826,3.230,0.093,no,unambiguous rotation,
398733009,nan,nan,no,Noisy_LCs,
398943781,nan,nan,no,Ambiguous_Variability,
399144800,nan,nan,no,Noisy_LCs,
402026209,nan,nan,no,Noisy_LCs,
403224672,nan,nan,no,Noisy_LCs,
403693875,nan,nan,no,Noisy_LCs,
404340025,nan,nan,no,Noisy_LCs,
405454160,nan,nan,no,Noisy_LCs,
405700729,8.530,nan,no,Dubious_Rotation,
406495245,4.000,0.174,no,Unambiguous Rotation,
406672232,nan,nan,no,Noisy_LCs,
406855039,3.817,0.138,no,Unambiguous_Rotation,
406941612,nan,nan,no,Noisy_LCs,
406976746,7.485,0.539,no,Unambiguous_Rotation,
407126408,nan,nan,no,Noisy_LCs,
407966340,nan,nan,no,Noisy_LCs,
408159788,nan,nan,no,Noisy_LCs,
408203470,nan,nan,no,Noisy_LCs,
408310006,nan,nan,no,Noisy_LCs,
409934330,nan,nan,no,Noisy_LCs,
410094645,nan,nan,no,Noisy_LCs,
410153553,nan,nan,no,Noisy_LCs,
410214986,2.798,0.163,yes,Unambiguous_Rotation,
410245915,nan,nan,no,Noisy_LCs,
410450228,nan,nan,no,Noisy_LCs,
413248763,nan,nan,no,Noisy_LCs,
413376180,nan,nan,no,Noisy_LCs,
415969908,nan,nan,no,Noisy_LCs,
416195870,nan,nan,no,Noisy_LCs,
417676622,nan,nan,no,Noisy_LCs,
417705690,nan,nan,no,Noisy_LCs,
417931607,nan,nan,no,Noisy_LCs,
417948359,nan,nan,no,Noisy_LCs,
418959198,nan,nan,no,Noisy_LCs,
420049884,nan,nan,no,Noisy_LCs,
420112587,nan,nan,no,Noisy_LCs,
420112589,nan,nan,no,Noisy_LCs,
421894914,nan,nan,no,Noisy_LCs,
422655579,nan,nan,no,Noisy_LCs,
422756130,nan,nan,no,Noisy_LCs,
422923265,7.738,1.576,no,Unambiguous_Rotation,
423275733,nan,nan,no,Noisy_LCs,
424391516,nan,nan,no,Noisy_LCs,
424865156,nan,nan,no,Noisy_LCs,
425206121,nan,nan,no,Noisy_LCs,
425934411,nan,nan,no,Noisy_LCs,
425997655,nan,nan,no,Noisy_LCs,
426077080,2.743,0.14,no,Unambiguous_Rotation,
427348923,nan,nan,no,Noisy_LCs,
427352241,nan,nan,no,Ambiguous_Variability,
427654774,nan,nan,no,Noisy_LCs,
428679607,nan,nan,no,Noisy_LCs,
429304876,nan,nan,no,Noisy_LCs,
429358906,nan,nan,no,Noisy_LCs,
430677414,nan,nan,no,Noisy_LCs,
431514478,nan,nan,no,Noisy_LCs,
431999925,nan,nan,no,Noisy_LCs,
432008938,nan,nan,no,Noisy_LCs,
432549364,nan,nan,no,Binary,
434226736,1.810,0.075,yes,unambiguous rotation,
434260570,1.269,0.034,yes,Unambiguous_Rotation,
434486077,nan,nan,no,Noisy_LCs,
435680451,11.356,1.557,no,Unambiguous_Rotation,
436873727,0.240,0.0,no,Unambiguous Rotation,
437011608,4.580,0.241,no,Unambiguous Rotation,
437242640,nan,nan,no,Noisy_LCs,
437248515,nan,nan,no,Noisy_LCs,
437333618,nan,nan,no,Noisy_LCs,
438490744,nan,nan,no,Noisy_LCs,
439456714,nan,nan,no,Noisy_LCs,
440100539,nan,nan,no,Noisy_LCs,
440777904,nan,nan,no,Noisy_LCs,
440887364,nan,nan,no,Ambiguous_Variability,
441420236,4.694,0.228,yes,Unambiguous_Rotation,
441462736,nan,nan,no,Noisy_LCs,
441732151,2.002,0.02,no,Unambiguous_Rotation,
441739020,nan,nan,no,Noisy_LCs,
441739871,nan,nan,no,Noisy_LCs,
444842193,nan,nan,no,Noisy_LCs,
445805961,nan,nan,no,Ambiguous_Variability,
445822015,nan,nan,no,Noisy_LCs,
445859771,nan,nan,no,Noisy_LCs,
447061717,nan,nan,no,Noisy_LCs,
447283466,9.501,1.003,no,Unambiguous_Rotation,
450327768,5.240,0.639,no,unambiguous rotation,
451599528,nan,nan,no,Noisy_LCs,
451606970,nan,nan,no,Noisy_LCs,
451645081,5.569,0.705,no,Unambiguous_Rotation,
452808876,nan,nan,no,Noisy_LCs,
452866790,nan,nan,no,Noisy_LCs,
453211454,nan,nan,no,Noisy_LCs,
453260209,nan,nan,no,Noisy_LCs,
453387619,5.560,0.67,no,Unambiguous Rotation,
453410966,5.650,0.692,no,Unambiguous Rotation,
453464017,2.013,0.092,no,Unambiguous_Rotation,
455096220,nan,nan,no,Noisy_LCs,
455135327,nan,nan,no,Noisy_LCs,
457138169,nan,nan,no,Noisy_LCs,
457939414,1.834,0.078,no,Unambiguous_Rotation,
458478250,nan,nan,no,Noisy_LCs,
458589703,9.420,nan,no,Dubious_Rotation,
459837008,0.670,0.002,yes,Unambiguous_Rotation,
459850897,3.018,0.19,no,Unambiguous_Rotation,
459942762,nan,nan,no,Noisy_LCs,
459969957,nan,nan,no,Noisy_LCs,
459970307,3.581,0.049,no,Unambiguous_Rotation,
459978312,nan,nan,no,Noisy_LCs,
460205581,2.957,0.093,yes,Unambiguous_Rotation,
460984940,nan,nan,no,Noisy_LCs,
461271719,3.822,0.406,no,Unambiguous_Rotation,
461662295,nan,nan,no,Noisy_LCs,
462162948,5.508,0.337,no,Unambiguous_Rotation,
464296022,1.547,0.053,no,Unambiguous_Rotation,
464646604,2.183,0.102,no,Unambiguous_Rotation,
466840711,nan,nan,no,Noisy_LCs,
467179528,nan,nan,no,Noisy_LCs,
467666275,nan,nan,no,Noisy_LCs,
468148930,nan,nan,no,Noisy_LCs,
468880077,nan,nan,no,Noisy_LCs,
468987719,nan,nan,no,Noisy_LCs,
470381900,nan,nan,no,Noisy_LCs,
470987100,nan,nan,no,Noisy_LCs,
1400770435,nan,nan,no,Noisy_LCs,
1551345500,nan,nan,no,Noisy_LCs,
1884091865,nan,nan,no,Ambiguous_Variability,
